자치구,교육지원청,학교급,학교명,학교_주소,위도,경도,대표_전화번호,홈페이지_URL,학교_학생수,학교_교원1인당학생수,교육복지우선지원여부_UI,위클래스_있음,전문상담교사_수,보건교사_수,진로상담실_있음,방과후교과프로그램수,방과후특기적성프로그램수
강서구,강서양천교육지원청,고등학교,공항고등학교,서울특별시 강서구 방화대로34길 43(마곡동. 공항고등학교),37.5704610944881,126.81851983357,02  -2664-6874,http://konghang.sen.hs.kr,654,10.9,해당,있음,1,1,있음,0.0,1.0
구로구,남부교육지원청,고등학교,구로고등학교,서울특별시 구로구 가마산로27길 45. 구로고등학교 (구로동),37.4988400846064,126.890309191986,02  -851 -2065,http://guro.sen.hs.kr,942,11.8,해당,있음,0,2,있음,0.0,1.0
구로구,남부교육지원청,고등학교,구일고등학교,서울특별시 구로구 구일로 90-51(구로동),37.4935052933826,126.874618469825,02  -858 -2549,http://guil.sen.hs.kr,776,12.7,미해당,있음,1,1,있음,0.0,0.0
금천구,남부교육지원청,고등학교,금천고등학교,서울특별시 금천구 시흥대로38길 26(시흥동.금천고등학교),37.4448950223082,126.904901769267,02  -896 -3181,https://geumcheon.sen.hs.kr,660,10.6,미해당,있음,1,1,있음,3.0,4.0
금천구,남부교육지원청,고등학교,독산고등학교,서울특별시 금천구 문성로 64. 독산고등학교 (독산동),37.4762187185354,126.910939635513,02  -857 -6248,http://doksan.sen.hs.kr,550,10.2,해당,있음,0,1,있음,10.0,7.0
서초구,강남서초교육지원청,고등학교,서초고등학교,서울특별시 서초구 반포대로27길 29(서초동),37.4896116868936,127.005378249754,02  -584 -4234,http://seocho.sen.hs.kr,825,10.3,미해당,있음,1,1,있음,0.0,0.0
중구,중부교육지원청,고등학교,성동고등학교,서울특별시 중구 퇴계로90길 17. 성동고등학교 (신당동),37.5641621970073,127.022389203196,02  -2237-2412,http://sungdong.sen.hs.kr,453,9.2,미해당,있음,0,1,있음,0.0,0.0
노원구,북부교육지원청,고등학교,노원고등학교,서울특별시 노원구 노원로 586(상계동),37.6618031933787,127.054019473757,02  -937 -0079,http://nowon.sen.hs.kr,520,10.4,미해당,있음,1,1,있음,0.0,0.0
관악구,동작관악교육지원청,고등학교,인헌고등학교,서울특별시 관악구 인헌9길 74(봉천동.인헌고등학교),37.4723107319026,126.970485117895,02  -886 -6253,http://inhun.sen.hs.kr,416,8.7,미해당,있음,1,1,있음,2.0,0.0
양천구,강서양천교육지원청,고등학교,금옥여자고등학교,서울특별시 양천구 신정로 213(신정동),37.5109653172242,126.843971681779,02  -2086-7502,http://geumok.sen.hs.kr,761,10.6,해당,있음,0,1,있음,1.0,5.0
은평구,서부교육지원청,고등학교,진관고등학교,서울특별시 은평구 진관4로 26(진관동),37.643338571257,126.924382489033,02  -358 -0782,http://jingwan.sen.hs.kr,815,11.8,해당,있음,0,1,있음,0.0,1.0
강동구,강동송파교육지원청,고등학교,선사고등학교,서울특별시 강동구 고덕로25길 17. 선사고등학교 (암사동),37.5563158751807,127.13577562154,02  -3427-4478,http://sunsa.sen.hs.kr,655,10.2,미해당,있음,1,1,있음,2.0,0.0
성동구,성동광진교육지원청,고등학교,도선고등학교,서울특별시 성동구 마장로 156(하왕십리동),37.5668439494,127.026995731182,02  -2292-8175,http://dosun.sen.hs.kr,421,8.1,미해당,있음,1,2,있음,2.0,1.0
성동구,성동광진교육지원청,고등학교,금호고등학교,서울특별시 성동구 금호로 118(금호동1가. 금호고등학교),37.5536214995345,127.023433782844,02  -2022-0861,http://geumho.sen.hs.kr,382,8.0,미해당,있음,1,1,있음,0.0,0.0
관악구,동작관악교육지원청,고등학교,광신고등학교,서울특별시 관악구 광신길 141(신림동.광신중고등학교),37.4644762024804,126.925940565455,02  -881 -8507,http://kwangshin.sen.hs.kr/,485,9.5,미해당,있음,1,1,있음,19.0,0.0
강서구,강서양천교육지원청,고등학교,대일고등학교,서울특별시 강서구 등촌로35길 90(등촌동) 대일고등학교,37.5395861200876,126.862569926977,070 -4020-6436,https://daeil.sen.hs.kr/index.do,978,12.1,미해당,없음,0,1,있음,9.0,1.0
강서구,강서양천교육지원청,고등학교,마포고등학교,서울특별시 강서구 화곡로 403(등촌동.마포고등학교),37.5600277060889,126.85286487714,02  -3663-2583,http://mapo.sen.hs.kr,714,11.5,미해당,있음,1,1,있음,5.0,4.0
서대문구,서부교육지원청,고등학교,명지고등학교,서울특별시 서대문구 명지2길 56. 명지고등학교 (홍은동),37.5849113531243,126.927090249447,02  -305 -5951,http://myongji.sen.hs.kr,1288,13.6,해당,있음,1,2,있음,6.0,0.0
강동구,강동송파교육지원청,고등학교,성덕고등학교,서울특별시 강동구 구천면로 396(천호동. 성덕고등학교),37.5498545397762,127.141541303447,02  -475 -4620,http://ssd.hs.kr,747,12.5,미해당,있음,1,1,있음,2.0,1.0
양천구,강서양천교육지원청,고등학교,백암고등학교,서울특별시 양천구 신정로13길 16. 백암고등학교 (신정동),37.5122533613422,126.84449517891,02  -2696-0110,http://baegam.sen.hs.kr/,1013,12.8,미해당,있음,1,1,있음,7.0,0.0
송파구,강동송파교육지원청,고등학교,보성고등학교,서울특별시 송파구 양재대로 1278(방이동.보성중고등학교),37.5200898870034,127.135729296295,02  -2152-2552,https://posung.sen.hs.kr,876,12.7,미해당,있음,1,1,있음,5.0,9.0
강남구,강남서초교육지원청,고등학교,서울세종고등학교,서울특별시 강남구 광평로51길 36.서울세종고등학교 (수서동),37.4903893469638,127.102796812957,070 -866 -8311,http://seoulsejong.sen.hs.kr,546,10.7,미해당,있음,1,1,있음,3.0,1.0
동작구,동작관악교육지원청,고등학교,성남고등학교,서울특별시 동작구 대방동길 74(대방동),37.5052815748623,126.926615278225,02  -815 -1334,https://sungnam.sen.hs.kr,967,12.7,미해당,있음,1,1,있음,11.0,7.0
강북구,성북강북교육지원청,고등학교,영훈고등학교,서울특별시 강북구 도봉로13가길 19(미아동.학교법인영훈학원),37.6146818749027,127.02809331872,02  -986 -2500,http://younghoon.sen.hs.kr,997,12.3,해당,있음,1,1,있음,9.0,0.0
서대문구,서부교육지원청,고등학교,이화여자대학교사범대학부속이화금란고등학교,서울특별시 서대문구 성산로 560. 이대부속고등학교 (대신동),37.5663888550725,126.947355714248,02  -361 -6200,http://edaebugo.sen.hs.kr,1018,13.2,미해당,없음,0,1,있음,17.0,6.0
광진구,성동광진교육지원청,고등학교,대원여자고등학교,서울특별시 광진구 용마산로22길 26. 대원여자고등학교 (중곡동),37.5624502219725,127.089376716312,02  -2204-1620,http://dwg.sen.hs.kr,583,10.4,해당,있음,1,1,있음,12.0,10.0
은평구,서부교육지원청,고등학교,동명여자고등학교,서울특별시 은평구 통일로 793(대조동. 동명여자고등학교),37.6144187859471,126.92282044301,02  -385 -0652,http://dongmyung.sen.hs.kr,861,11.5,해당,없음,0,1,있음,0.0,17.0
관악구,동작관악교육지원청,고등학교,서울문영여자고등학교,서울특별시 관악구 관악로 85. 서울문영여자고등학교 (봉천동),37.4729045674501,126.950918062755,02  -873 -3624,http://moonyoung.sen.hs.kr,591,10.4,미해당,있음,2,1,있음,13.0,0.0
강동구,강동송파교육지원청,고등학교,상일여자고등학교,서울특별시 강동구 천호대로219길 61(상일동. 189),37.5485874781342,127.170823536325,02  -428 -0435,http://sangil.hs.kr,834,11.9,미해당,있음,1,1,있음,2.0,0.0
노원구,북부교육지원청,고등학교,염광고등학교,서울특별시 노원구 월계로45가길 9. 염광고등학교 (월계동),37.6302844506448,127.049264552091,02  -994 -0121,http://yumkwang.hs.kr,668,11.1,해당,있음,1,1,있음,5.0,0.0
노원구,북부교육지원청,고등학교,영신여자고등학교,서울특별시 노원구 중계로16나길 13. 영신여자고등학교 (중계동),37.6525485061054,127.08350874514,02  -930 -8455,http://www.ys.hs.kr,663,9.0,미해당,없음,0,1,있음,0.0,15.0
성동구,성동광진교육지원청,고등학교,한양대학교사범대학부속고등학교,서울특별시 성동구 마조로 42한양대학교사범대학부속고등학교 (사근동),37.5619188387132,127.042324044658,02  -2200-3507,http://www.hanyang-u.hs.kr/,966,12.4,미해당,있음,1,1,있음,4.0,0.0
종로구,중부교육지원청,고등학교,서울국제고등학교,서울특별시 종로구 성균관로13길 40. 서울국제고 (명륜1가),37.5917911485864,126.995490680124,02  -743 -9385,http://sghs.sen.hs.kr,419,6.3,미해당,있음,1,1,있음,8.0,3.0
용산구,중부교육지원청,고등학교,용산철도고등학교,서울특별시 용산구 서빙고로 24(한강로3가. 용산철도고등학교),37.5243416742733,126.967358069696,02  -6905-7812,https://yongsan-th.sen.hs.kr,411,5.8,미해당,있음,1,2,있음,21.0,1.0
노원구,북부교육지원청,고등학교,광운인공지능고등학교,서울특별시 노원구 광운로1길 24(월계동.광운중학교/광운인공지능고등학교),37.6192431974844,127.056540751938,02  -918 -7761,http://kwangwoon.sen.hs.kr,432,5.5,미해당,있음,2,1,있음,3.0,5.0
강동구,강동송파교육지원청,고등학교,상일미디어고등학교,서울특별시 강동구 천호대로219길 61. 상일미디어고등학교 (상일동),37.5485874781342,127.170823536325,02  -428 -0733,http://sangilmedia.sen.hs.kr,487,7.0,해당,있음,1,1,있음,2.0,13.0
노원구,북부교육지원청,고등학교,인덕과학기술고등학교,서울특별시 노원구 초안산로 12. 인덕과학기술고등학교 (월계동),37.6302514486494,127.054448642206,02  -902 -2060,http://www.induk.sen.hs.kr,483,6.2,해당,있음,1,1,있음,3.0,1.0
도봉구,북부교육지원청,고등학교,서울문화고등학교,서울특별시 도봉구 마들로 598. 서울문화고등학교 (방학동),37.6641314270343,127.047285814495,02  -955 -9100,http://seoulculture.sen.hs.kr,307,5.6,해당,있음,1,1,있음,6.0,0.0
노원구,북부교육지원청,고등학교,영신간호비즈니스고등학교,서울특별시 노원구 중계로16나길 13영신간호비즈니스고등학교 (중계동),37.6525485061054,127.08350874514,02  -930 -8453,http://www.youngshin.hs.kr,384,7.0,해당,없음,0,1,있음,15.0,0.0
양천구,강서양천교육지원청,고등학교,서울영상고등학교,서울특별시 양천구 목동로11길 46. 서울영상고등학교 (신정동),37.5232817223805,126.860283046403,02  -2602-7121,http://youngsang.sen.hs.kr,347,8.5,미해당,있음,1,1,있음,6.0,8.0
관악구,동작관악교육지원청,고등학교,영락의료과학고등학교,서울특별시 관악구 청룡16길 25. 영락의료과학고등학교,37.476541242971,126.945416499639,02  -884 -1882,http://youngnak-c.hs.kr,294,6.1,해당,없음,0,1,있음,13.0,6.0
관악구,동작관악교육지원청,고등학교,서울관광고등학교,서울특별시 관악구 은천로15길 25(봉천동.서울관광고등학교),37.4878154195732,126.943760849751,02  -886 -9165,http://seoul-tour.sen.hs.kr,444,8.1,해당,있음,1,1,있음,5.0,0.0
은평구,서부교육지원청,고등학교,동명생활경영고등학교,서울특별시 은평구 통일로 793(대조동),37.6144187859471,126.92282044301,02  -383 -2628,http://dmgcab.sen.hs.kr/,218,6.2,해당,있음,0,1,있음,2.0,7.0
금천구,남부교육지원청,고등학교,서울매그넷고등학교,서울특별시 금천구 탑골로10길 45(시흥동. 서울매그넷고등학교),37.4519206711218,126.915824008297,070 -7703-8058,https://seoulmagnet.sen.hs.kr,357,6.9,미해당,있음,0,1,있음,11.0,1.0
강서구,강서양천교육지원청,고등학교,화곡보건경영고등학교,서울특별시 강서구 강서로45길 70(내발산동),37.5484125649861,126.832679697779,070 -8644-6505,http://www.hwagok-gii.hs.kr,195,5.6,해당,없음,0,1,있음,5.0,1.0
동대문구,동부교육지원청,중학교,전일중학교,서울특별시 동대문구 사가정로13길 67. 전일중학교 (전농동),37.5825001768201,127.058379516351,02  -2245-2745,http://jeonil.sen.ms.kr,351,10.6,해당,있음,1,1,있음,0.0,0.0
동대문구,동부교육지원청,중학교,대광중학교,서울특별시 동대문구 안암로 6(신설동) 대광중학교,37.5779549391135,127.025328234604,02  -940 -2251,http://dgm.sen.ms.kr,359,12.8,해당,있음,0,1,있음,2.0,0.0
은평구,서부교육지원청,중학교,덕산중학교,서울특별시 은평구 가좌로 400(신사동),37.6022573973254,126.904677132229,02  -3146-7200,https://duksan.sen.ms.kr,348,10.5,해당,있음,2,1,있음,1.0,4.0
마포구,서부교육지원청,중학교,신수중학교,서울특별시 마포구 신수로 49. 신수중학교 (신수동),37.5459230000416,126.934131984442,02  -717 -6004,http://sinsu.sen.ms.kr,473,10.8,해당,있음,1,2,있음,0.0,4.0
서대문구,서부교육지원청,중학교,가재울중학교,서울특별시 서대문구 수색로 100-75(북가좌동. 가재울중학교),37.5750983516219,126.909974232219,02  -726 -1700,http://gajaeul.sen.ms.kr,660,11.8,해당,있음,1,1,있음,0.0,4.0
마포구,서부교육지원청,중학교,경성중학교,서울특별시 마포구 성미산로 111. 경성중학교 (연남동),37.563510635781,126.919166278819,02  -3140-1245,http://www.gyeongseong.sen.ms.kr,313,9.2,해당,있음,0,1,있음,8.0,8.0
은평구,서부교육지원청,중학교,대성중학교,서울특별시 은평구 갈현로29길 51-24. 대성중학교 (갈현동),37.6222715955953,126.911258320824,02  -6252-1100,https://dsms.sen.ms.kr,371,9.5,해당,있음,0,1,있음,1.0,4.0
서대문구,서부교육지원청,중학교,한성중학교,서울특별시 서대문구 북아현로1길 24(북아현동.한성중학교),37.559096439531,126.954456481223,02  -365 -4942,http://hanseong.sen.ms.kr,237,7.9,해당,있음,0,1,있음,0.0,4.0
마포구,서부교육지원청,중학교,홍익대학교사범대학부속여자중학교,서울특별시 마포구 성미산로 51. 홍익대학교사범대학부속여자중학교 (성산동),37.559665162458,126.912928685692,02  -331 -7314,http://www.hongikg.ms.kr,312,9.8,해당,있음,2,1,있음,7.0,2.0
금천구,남부교육지원청,중학교,난곡중학교,서울특별시 금천구 문성로 67(독산동),37.4780455835119,126.910791624653,02  -2283-5204,http://nangok.sen.ms.kr,228,8.1,해당,있음,2,1,있음,0.0,2.0
영등포구,남부교육지원청,중학교,문래중학교,서울특별시 영등포구 선유서로13길 6(문래동6가.문래중학교),37.520362407627,126.884670886121,02  -6712-0707,http://mullae.sen.ms.kr,622,13.5,해당,있음,0,1,있음,16.0,10.0
구로구,남부교육지원청,중학교,영서중학교,서울특별시 구로구 도림로20길 35(구로동),37.4897523897016,126.89491012521,02  -856 -9567,http://yeongseo.sen.ms.kr,531,12.1,해당,있음,0,1,있음,3.0,6.0
구로구,남부교육지원청,중학교,천왕중학교,서울특별시 구로구 천왕로 63(천왕동. 천왕중학교),37.4826544228754,126.837333603453,02  -2618-2833,http://cheonwang.sen.ms.kr,824,12.9,해당,있음,0,1,있음,2.0,3.0
금천구,남부교육지원청,중학교,문일중학교,서울특별시 금천구 시흥대로47길 45. 문일중학교 (시흥동),37.4489152569278,126.898720653088,02  -891 -6669,http://www.moonil.ms.kr,359,10.9,해당,있음,1,1,있음,1.0,5.0
금천구,남부교육지원청,중학교,국립전통예술중학교,서울특별시 금천구 시흥대로38길 62(시흥동),37.4463710473917,126.906462134788,02  -6488-3654,http://kugak-am.sen.ms.kr,211,7.5,미해당,있음,1,1,있음,1.0,4.0
노원구,북부교육지원청,중학교,상경중학교,서울특별시 노원구 동일로227길 61(상계동. 상경중학교),37.6671487661533,127.053705308096,02  -939 -3951,https://sanggyung.sen.ms.kr/,494,12.4,해당,있음,0,1,있음,0.0,2.0
도봉구,북부교육지원청,중학교,효문중학교,서울특별시 도봉구 우이천로 432(쌍문동. 효문중 고등학교),37.6526987118348,127.0184004627,02  -999 -1785,http://hyomun.sen.ms.kr,286,9.5,해당,있음,2,2,있음,1.0,4.0
용산구,중부교육지원청,중학교,용산중학교,서울특별시 용산구 두텁바위로 74(용산동2가),37.5460125390171,126.9809128899,070 -400 -0380,http://ys.sen.ms.kr,281,10.4,해당,있음,0,1,있음,3.0,3.0
용산구,중부교육지원청,중학교,한강중학교,서울특별시 용산구 녹사평대로 73(서빙고동),37.5236119183008,126.992790867047,02  -794 -1791,http://hangang.sen.ms.kr,302,8.4,해당,있음,1,1,있음,1.0,0.0
종로구,중부교육지원청,중학교,동성중학교,서울특별시 종로구 대학로 156동성중학교 (혜화동 90-7),37.5849699592551,127.003097645534,02  -3671-9197,http://sds.sen.ms.kr,227,8.4,해당,있음,1,1,있음,1.0,4.0
용산구,중부교육지원청,중학교,보성여자중학교,서울특별시 용산구 신흥로3가길 66(용산동2가),37.5430815444968,126.984284175086,02  -6328-9464,http://bosung-g.sen.ms.kr,219,9.1,해당,있음,1,1,있음,0.0,2.0
용산구,중부교육지원청,중학교,성심여자중학교,서울특별시 용산구 원효로19길 49. 성심여자중학교 (원효로4가),37.534209370461,126.95459335968,02  -3279-0530,http://sacredheart.ms.kr/,177,7.1,해당,있음,1,1,있음,0.0,0.0
중구,중부교육지원청,중학교,예원학교,서울특별시 중구 정동길 25(정동),37.56702326472,126.971542683635,02  -727 -9000,https://yewon.sen.ms.kr/,882,21.5,미해당,있음,0,1,있음,1.0,4.0
강동구,강동송파교육지원청,중학교,둔촌중학교,서울특별시 강동구 진황도로61길 25-30(둔촌동),37.5308360856293,127.146331741485,02  -489 -7100,http://doonchon.sen.ms.kr,290,7.6,해당,있음,2,1,있음,0.0,0.0
송파구,강동송파교육지원청,중학교,문정중학교,서울특별시 송파구 문정로 73(문정동. 문정중학교),37.4883919978179,127.130286303121,02  -448 -6348,http://munjeong.sen.ms.kr,430,12.3,해당,있음,0,2,있음,0.0,4.0
송파구,강동송파교육지원청,중학교,보성중학교,서울특별시 송파구 양재대로 1278(방이동.보성중고등학교),37.5200898870034,127.135729296295,02  -2152-2552,https://posung.sen.ms.kr,379,11.1,해당,없음,0,1,있음,0.0,1.0
강동구,강동송파교육지원청,중학교,상일중학교,서울특별시 강동구 천호대로219길 61(상일동. 상일중학교),37.5485874781342,127.170823536325,02  -428 -0735,http://sangil.sen.ms.kr,540,16.4,미해당,있음,0,1,있음,2.0,8.0
송파구,강동송파교육지원청,중학교,잠실여자중학교,서울특별시 송파구 송파대로38길 8(송파동.잠실여자중학교),37.5017941334924,127.114241325581,02  -2140-8131,http://jamsilg.sen.ms.kr,404,10.4,미해당,있음,0,1,있음,1.0,1.0
양천구,강서양천교육지원청,중학교,강신중학교,서울특별시 양천구 남부순환로 604(신월동.강신중학교),37.5151371613165,126.838160107241,02  -2694-9623,http://kangsin.sen.ms.kr,721,11.8,해당,있음,1,1,있음,1.0,6.0
강서구,강서양천교육지원청,중학교,등명중학교,서울특별시 강서구 공항대로39길 39(등촌동.등명중학교),37.5601933510779,126.843304086976,02  -2658-2727,http://deungmyoung.sen.ms.kr,622,12.4,해당,있음,1,1,있음,2.0,9.0
강서구,강서양천교육지원청,중학교,등원중학교,서울특별시 강서구 화곡로65길 50(등촌동.등원중학교),37.5597340202733,126.85181537298,02  -2658-2707,http://deungwon.sen.ms.kr,357,10.5,해당,있음,1,1,있음,0.0,3.0
양천구,강서양천교육지원청,중학교,목동중학교,서울특별시 양천구 목동동로 172(신정동.목동중학교),37.5209571978324,126.871443390095,02  -2643-1103,http://mokdong.sen.ms.kr,1397,15.0,해당,있음,0,2,있음,0.0,6.0
강서구,강서양천교육지원청,중학교,송정중학교,서울특별시 강서구 남부순환로 121(공항동.송정중학교),37.5531580711075,126.815243549144,02  -6477-2905,https://songjeong.sen.ms.kr,233,9.0,해당,있음,0,1,있음,0.0,0.0
양천구,강서양천교육지원청,중학교,신화중학교,서울특별시 양천구 남부순환로29길 35. 신화중학교 (신월동),37.5406111025313,126.829600421672,02  -2600-0937,http://shinhwa.sen.ms.kr,0,0.0,해당,있음,0,0,있음,1.0,4.0
강남구,강남서초교육지원청,중학교,대명중학교,서울특별시 강남구 역삼로87길 26(대치동. 대명중학교),37.5063189430786,127.060778124521,02  -563 -3701,http://daemyeong.sen.ms.kr,1024,16.3,해당,있음,1,1,있음,0.0,9.0
서초구,강남서초교육지원청,중학교,서운중학교,서울특별시 서초구 서운로 115(서초동. 서운중학교),37.4939485124964,127.024538241332,02  -3473-2701,http://seoun.sen.ms.kr,1136,14.2,해당,있음,0,1,있음,0.0,7.0
서초구,강남서초교육지원청,중학교,이수중학교,서울특별시 서초구 방배중앙로3길 32(방배동.이수중학교),37.4806300322796,126.989859045395,02  -521 -4652,http://isu.sen.ms.kr,583,13.3,해당,있음,1,1,있음,0.0,4.0
강남구,강남서초교육지원청,중학교,단국대학교사범대학부속중학교,서울특별시 강남구 도곡로64길 21(대치동)단국대학교사범대학부속중학교,37.4956174948977,127.057768228297,02  -2191-2615,http://dankook.sen.ms.kr,614,18.6,미해당,없음,0,1,있음,0.0,0.0
서초구,강남서초교육지원청,중학교,세화여자중학교,서울특별시 서초구 신반포로 56-7(반포동),37.5019964569165,126.994230013893,02  -594 -8722,https://sehwa.sen.ms.kr,652,11.2,해당,있음,1,1,있음,5.0,2.0
관악구,동작관악교육지원청,중학교,봉원중학교,서울특별시 관악구 관악로24가길 15. 봉원중학교 (봉천동.봉원중학교),37.4841027415012,126.958890911497,02  -879 -1542,https://bongwon.sen.ms.kr,467,10.2,해당,있음,1,1,있음,2.0,5.0
광진구,성동광진교육지원청,중학교,광장중학교,서울특별시 광진구 광장로1길 1. 광장중학교 (광장동),37.5471775185817,127.101927589353,02  -452 -0745,http://gwangjang.sen.ms.kr,568,11.4,해당,있음,1,1,있음,0.0,3.0
광진구,성동광진교육지원청,중학교,신양중학교,서울특별시 광진구 자양강변길 73. 신양중학교 (자양동),37.5336522682692,127.063425269386,02  -461 -1070,http://shinyang.sen.ms.kr,264,8.5,해당,있음,2,1,있음,0.0,5.0
성동구,성동광진교육지원청,중학교,한양대학교사범대학부속중학교,서울특별시 성동구 마조로 42(사근동.한양사대부속중·고등학교),37.5619188387132,127.042324044658,02  -2200-3794,https://hyu.sen.ms.kr/,424,10.9,해당,있음,1,1,있음,0.0,5.0
강북구,성북강북교육지원청,중학교,인수중학교,서울특별시 강북구 인수봉로75길 10(수유동. 인수중학교),37.6437719058609,127.009667145786,02  -900 -7801,http://insu.sen.ms.kr,382,11.2,해당,있음,1,1,있음,0.0,2.0
강북구,성북강북교육지원청,중학교,솔샘중학교,서울특별시 강북구 인수봉로 39(미아동. 솔샘중.고등학교),37.6237648476803,127.012068855446,02  -981 -6872,https://solsaem.sen.ms.kr,320,10.3,미해당,있음,1,1,있음,1.0,5.0
성북구,성북강북교육지원청,중학교,길음중학교,서울특별시 성북구 길음로 144. 길음중학교 (길음동),37.6140334599191,127.017752359697,02  -910 -8770,http://gireum.sen.ms.kr,897,14.5,해당,있음,1,1,있음,1.0,8.0
성북구,성북강북교육지원청,중학교,용문중학교,서울특별시 성북구 고려대로17가길 46(안암동2가. 용문중고등학교),37.5886903262008,127.024660795253,02  -926 -4238,http://yongmoon.sen.ms.kr,165,6.9,해당,있음,1,1,있음,3.0,5.0
강남구,강남서초교육지원청,고등학교,경기고등학교,서울특별시 강남구 영동대로 643. 경기고등학교 (삼성동),37.517564539911,127.056075505663,02  -3496-7305,http://kyunggi.sen.hs.kr,1040,11.3,미해당,있음,0,2,있음,0.0,3.0
관악구,동작관악교육지원청,고등학교,당곡고등학교,서울특별시 관악구 봉천로21길 108. 당곡고등학교 (봉천동),37.4917603442825,126.934246405052,02  -6717-5200,http://danggok.sen.hs.kr,741,12.1,미해당,있음,1,1,있음,2.0,4.0
서초구,강남서초교육지원청,고등학교,반포고등학교,서울특별시 서초구 고무래로 71(반포동.반포고등학교),37.5027027335348,127.016510661972,02  -2258-4100,http://banpo.sen.hs.kr,795,10.1,미해당,있음,1,1,있음,2.0,5.0
서초구,강남서초교육지원청,고등학교,언남고등학교,서울 서초구 동산로13길 35(양재동. 언남고등학교),37.4723300184587,127.043005236379,02  -575 -2680,https://eonnam.sen.hs.kr,642,9.7,미해당,있음,0,2,있음,1.0,0.0
송파구,강동송파교육지원청,고등학교,오금고등학교,서울특별시 송파구 중대로 247(오금동),37.5045321738186,127.128968951167,02  -406 -0592,http://ogeum.sen.hs.kr,840,12.4,해당,있음,1,1,있음,3.0,0.0
송파구,강동송파교육지원청,고등학교,방산고등학교,서울특별시 송파구 오금로27길 18(방이동),37.5083995194679,127.120469638696,02  -418 -2600,http://bangsan.sen.hs.kr,823,11.6,미해당,있음,0,1,있음,0.0,1.0
은평구,서부교육지원청,고등학교,은평고등학교,서울특별시 은평구 갈현로15길 47(구산동),37.6091520473272,126.905808015137,02  -383 -0872,http://ep.sen.hs.kr,475,10.3,해당,있음,0,1,있음,1.0,3.0
은평구,서부교육지원청,고등학교,신도고등학교,서울특별시 은평구 통일로 961(진관동),37.6291325083008,126.918748608965,02  -3157-0021,http://sindo.sen.hs.kr,587,8.9,미해당,있음,1,1,있음,4.0,0.0
동대문구,동부교육지원청,고등학교,경희고등학교,서울특별시 동대문구 경희대로 26(회기동. 경희고등학교),37.5939491407769,127.054890960564,02  -966 -3782,http://www.kyungheeboy.hs.kr/,706,13.1,미해당,있음,0,1,있음,7.0,3.0
서초구,강남서초교육지원청,고등학교,상문고등학교,서울특별시 서초구 명달로 45(방배동.상문고등학교),37.4797554325594,127.003916819634,02  -586 -3141,http://sangmoon.sen.hs.kr,1220,13.6,미해당,있음,1,2,있음,23.0,0.0
서초구,강남서초교육지원청,고등학교,세화고등학교,서울특별시 서초구 신반포로 56-7(반포동),37.5019964569165,126.994230013893,02  -594 -4886,http://www.sehwa.hs.kr,1088,13.8,미해당,있음,0,1,있음,7.0,0.0
은평구,서부교육지원청,고등학교,숭실고등학교,서울특별시 은평구 은평터널로7길 6(신사동),37.5932748232178,126.902403937432,02  -373 -5910,http://soongsil.sen.hs.kr,1094,12.9,해당,있음,1,2,있음,21.0,0.0
양천구,강서양천교육지원청,고등학교,양천고등학교,서울특별시 양천구 신정로14길 13(신정동.양천고등학교),37.5083201483795,126.845202874653,02  -2605-5996,http://yangcheon.sen.hs.kr,901,13.4,미해당,있음,0,1,있음,3.0,1.0
영등포구,남부교육지원청,고등학교,장훈고등학교,서울특별시 영등포구 영등포로64길 26. 장훈고등학교 (신길동),37.5133455931748,126.916228547854,02  -842 -6921,http://www.janghoon.hs.kr,712,12.7,미해당,없음,0,1,있음,13.0,0.0
종로구,중부교육지원청,고등학교,중앙고등학교,서울특별시 종로구 창덕궁길 164(계동),37.5837882231459,126.987472622092,02  -742 -1321,http://choongang.sen.hs.kr,907,13.7,미해당,있음,1,1,있음,5.0,3.0
서초구,강남서초교육지원청,고등학교,동덕여자고등학교,서울특별시 서초구 효령로2길 123-5(방배동),37.4758460567445,126.992615816174,02  -6011-2547,http://dongduk.sen.hs.kr,837,10.9,미해당,있음,1,1,있음,8.0,5.0
송파구,강동송파교육지원청,고등학교,보인고등학교,서울특별시 송파구 오금로49길 18. 보인고등학교 (오금동),37.4975692004431,127.139517839227,02  -2043-6021,http://www.boin.hs.kr,1123,15.6,미해당,있음,0,1,있음,4.0,4.0
중랑구,동부교육지원청,고등학교,송곡여자고등학교,서울특별시 중랑구 양원역로 67. 송곡여자고등학교 (망우동),37.6065806263938,127.10537791548,02  -6328-7104,http://www.songgok.hs.kr,627,10.3,해당,있음,0,1,있음,16.0,0.0
동작구,동작관악교육지원청,고등학교,숭의여자고등학교,서울특별시 동작구 여의대방로36길 79. 숭의여자고등학교 (대방동),37.507364139341,126.92924328346,02  -810 -7800,http://soongeui.sen.hs.kr,652,10.5,미해당,있음,1,1,있음,1.0,0.0
송파구,강동송파교육지원청,고등학교,잠실여자고등학교,서울특별시 송파구 송파대로38길 8(송파동) 잠실여자고등학교,37.5017941334924,127.114241325581,02  -2140-8122,http://jamsilg.sen.hs.kr,970,12.0,미해당,있음,1,1,있음,5.0,0.0
송파구,강동송파교육지원청,고등학교,정신여자고등학교,서울특별시 송파구 올림픽로4길 16. 정신여자고등학교 (잠실동),37.5094538398143,127.073847329188,070 -4619-5836,https://chungshin.sen.hs.kr,858,11.4,미해당,있음,1,1,있음,1.0,1.0
마포구,서부교육지원청,고등학교,홍익대학교사범대학부속여자고등학교,서울특별시 마포구 성미산로 51(성산동. 여자고등학교),37.559665162458,126.912928685692,02  -331 -7584,http://hongik68.sen.hs.kr,727,11.7,미해당,있음,1,1,있음,10.0,2.0
서대문구,서부교육지원청,고등학교,한성과학고등학교,서울특별시 서대문구 통일로 279-79. 한성과학고등학교 (현저동),37.57543616578,126.952370943937,02  -6917-0000,https://hansungsh.sen.hs.kr,376,5.4,미해당,있음,1,1,있음,11.0,1.0
강동구,강동송파교육지원청,고등학교,한영외국어고등학교,서울특별시 강동구 동남로 832한영외국어고등학교(상일동),37.5490844724681,127.156927612469,02  -6954-1703,http://hyfl.sen.hs.kr,701,11.7,미해당,있음,0,1,있음,20.0,1.0
성북구,성북강북교육지원청,고등학교,서울도시과학기술고등학교,서울특별시 성북구 종암로 196(하월곡동.서울도시과학기술고등학교),37.6078074870515,127.033045536038,02  -940 -2500,http://sust.sen.hs.kr,308,5.0,미해당,있음,0,1,있음,46.0,2.0
노원구,북부교육지원청,고등학교,염광메디텍고등학교,서울특별시 노원구 월계로45가길 9. 염광메디텍고등학교 (월계동),37.6302844506448,127.049264552091,02  -994 -3104,http://ykm.sen.hs.kr,268,6.0,미해당,없음,0,1,있음,4.0,7.0
종로구,중부교육지원청,고등학교,서일문화예술고등학교,서울특별시 종로구 지봉로17길 49. 서일문화예술고등학교 (창신동. 서일문화예술고등학교),37.579364496797,127.012786339408,02  -745 -6221,http://www.seo-il.hs.kr,269,7.7,해당,있음,1,1,있음,10.0,0.0
노원구,북부교육지원청,고등학교,서울동산고등학교,서울특별시 노원구 공릉로 257(공릉동),37.6307779754887,127.073998366297,02  -971 -0903,http://seouldongsan.sen.hs.kr,792,7.6,미해당,있음,1,2,있음,0.0,12.0
관악구,동작관악교육지원청,고등학교,서울여자상업고등학교,서울특별시 관악구 관악로 85(봉천동.서울여자상업고등학교),37.4729045674501,126.950918062755,02  -873 -3614,https://sys.sen.hs.kr,412,7.2,해당,없음,0,1,있음,29.0,0.0
중구,중부교육지원청,고등학교,대경생활과학고등학교,서울특별시 중구 매봉18길 111. 대경생활과학고등학교 (신당동),37.5563732600255,127.016979156363,02  -2234-0798,http://www.daekyeong.hs.kr,368,6.6,미해당,있음,1,1,있음,28.0,3.0
강서구,강서양천교육지원청,고등학교,서울백영고등학교,서울특별시 강서구 방화대로34길 13서울백영고등학교 (방화동),37.5692177821112,126.817040800626,02  -2665-5900,https://sby.sen.hs.kr/,349,7.3,미해당,있음,1,1,있음,1.0,17.0
영등포구,남부교육지원청,고등학교,한국제과학교,서울특별시 영등포구 여의대방로61길 42(신길동),37.5159630199729,126.922035366789,02  -843 -6042,http://www.kib.or.kr,11,5.5,미해당,있음,0,0,있음,5.0,1.0
금천구,남부교육지원청,중학교,금천문화예술정보학교,서울특별시 금천구 남부순환로126길 25. 금천문화예술정보학교 (독산동),37.4792685652716,126.907219449459,02  -2039-9910,http://geumcheon.sen.sc.kr,0,0.0,미해당,있음,1,1,있음,1.0,4.0
동대문구,동부교육지원청,중학교,성일중학교,서울특별시 동대문구 왕산로23길 55(제기동),37.5818502321361,127.033850440748,02  -926 -0211,http://sungil.sen.ms.kr,309,9.4,해당,있음,2,1,있음,0.0,1.0
중랑구,동부교육지원청,중학교,신현중학교,서울특별시 중랑구 봉화산로 162. 신현중학교 (상봉동),37.6044645795756,127.091532797561,02  -3421-0631,http://sinhyeon.sen.ms.kr,681,12.4,해당,있음,0,1,있음,4.0,11.0
은평구,서부교육지원청,중학교,구산중학교,서울특별시 은평구 갈현로15길 20-23(구산동.구산중학교),37.6098720248468,126.90948871144,02  -389 -8785,http://gusanjung.sen.ms.kr,557,11.4,해당,있음,1,1,있음,2.0,6.0
마포구,서부교육지원청,중학교,상암중학교,서울특별시 마포구 상암산로1길 26(상암동),37.5790569198061,126.887550793573,02  -375 -5370,http://sangam.sen.ms.kr,878,12.7,해당,있음,0,2,있음,0.0,6.0
구로구,남부교육지원청,중학교,고척중학교,서울특별시 구로구 중앙로3길 20. 고척중학교 (고척동),37.4997408260167,126.861342460735,02  -6917-7101,http://gocheok.sen.ms.kr,812,12.9,해당,있음,2,1,있음,1.0,5.0
금천구,남부교육지원청,중학교,문성중학교,서울특별시 금천구 독산로102길 78. 문성중학교 (독산동),37.4754682009333,126.908493841535,02  -858 -8446,http://munseong.sen.ms.kr,237,8.8,해당,있음,1,1,있음,0.0,0.0
금천구,남부교육지원청,중학교,안천중학교,서울특별시 금천구 한내로 69-44(독산동.안천중학교),37.4595242629201,126.887498771184,02  -894 -1204,http://ancheon.sen.ms.kr,478,12.9,해당,있음,1,1,있음,0.0,2.0
영등포구,남부교육지원청,중학교,선유중학교,서울특별시 영등포구 선유로 213(양평동3가),37.5332864654562,126.894300682029,02  -2633-4147,http://seonyoo.sen.ms.kr,368,11.9,해당,있음,0,1,있음,0.0,0.0
영등포구,남부교육지원청,중학교,여의도중학교,서울특별시 영등포구 국제금융로7길 46. 여의도중학교 (여의도동),37.5239802029958,126.935753141866,02  -2199-9604,http://yeouido.sen.ms.kr,524,12.2,해당,있음,0,1,있음,2.0,4.0
구로구,남부교육지원청,중학교,오류중학교,서울특별시 구로구 고척로27바길 19(고척동),37.5077291918003,126.846523985639,02  -2612-2602,http://oryu.sen.ms.kr,306,9.6,해당,있음,0,1,있음,0.0,0.0
구로구,남부교육지원청,중학교,항동중학교,서울특별시 구로구 연동로 239-2(항동. 항동중학교),37.4828380762731,126.82037207979,02  -2223-0223,http://hangdong.sen.ms.kr,524,12.5,미해당,있음,1,1,있음,0.0,5.0
영등포구,남부교육지원청,중학교,신길중학교,서울특별시 영등포구 신길로28길 43(신길동. 신길중학교),37.5020345359595,126.915435514602,02  -6956-4770,http://singil.sen.ms.kr,711,12.1,미해당,있음,1,1,있음,1.0,6.0
노원구,북부교육지원청,중학교,노원중학교,서울특별시 노원구 동일로213길 26(상계동.노원중학교),37.6493611386676,127.059691996616,02  -3391-6921,http://nowon.sen.ms.kr,389,11.8,해당,있음,0,1,있음,0.0,5.0
도봉구,북부교육지원청,중학교,창동중학교,서울특별시 도봉구 방학로 32창동중학교 (방학동),37.6632295672339,127.048997534536,02  -2289-6600,http://changdong.sen.ms.kr,596,12.4,해당,있음,1,1,있음,0.0,7.0
노원구,북부교육지원청,중학교,태랑중학교,서울특별시 노원구 화랑로51나길 51(공릉동. 태랑중학교),37.6269609216049,127.09080728109,02  -973 -1355,http://taerang.sen.ms.kr,550,12.2,해당,있음,0,1,있음,1.0,6.0
노원구,북부교육지원청,중학교,상명중학교,서울특별시 노원구 덕릉로 553(중계동.상명중학교),37.649540794927,127.067701313205,02  -971 -9211,http://www.sangmyung.ms.kr,805,14.6,미해당,있음,2,1,있음,0.0,11.0
용산구,중부교육지원청,중학교,선린중학교,서울특별시 용산구 원효로97길 33-4(청파동3가),37.5427676844581,126.966079429641,02  -713 -6214,http://sunrin.sen.ms.kr,456,10.1,해당,있음,1,1,있음,0.0,3.0
용산구,중부교육지원청,중학교,용강중학교,서울특별시 용산구 이촌로65가길 91(이촌동),37.5215769321647,126.975485292591,02  -795 -6176,http://yonggang.sen.ms.kr,791,11.5,해당,있음,1,1,있음,2.0,7.0
용산구,중부교육지원청,중학교,배문중학교,서울특별시 용산구 효창원로 258. 배문중학교 (서계동),37.5499187190496,126.963904100329,02  -3480-7286,http://baemoon.sen.ms.kr,194,8.4,해당,있음,1,1,있음,6.0,3.0
송파구,강동송파교육지원청,중학교,방산중학교,서울특별시 송파구 오금로29길 31(방이동. 방산중학교),37.5093439082296,127.121567809411,02  -2046-2630,http://bangsan.sen.ms.kr,433,12.0,해당,있음,1,1,있음,0.0,0.0
강동구,강동송파교육지원청,중학교,신명중학교,서울특별시 강동구 명일로24길 25(길동),37.5418144867925,127.149291882662,02  -6969-6400,http://sinmyung.sen.ms.kr,521,11.6,해당,있음,1,1,있음,0.0,5.0
송파구,강동송파교육지원청,중학교,오륜중학교,서울특별시 송파구 양재대로 1242(방이동.오륜중학교),37.5162947747499,127.13852222328,02  -3434-4100,http://oryun.sen.ms.kr,487,12.5,미해당,있음,0,1,있음,0.0,4.0
송파구,강동송파교육지원청,중학교,풍납중학교,서울특별시 송파구 올림픽로43길 20(풍납동),37.5253505135011,127.115628322635,02  -2225-2000,http://pungnap.sen.ms.kr,323,9.8,해당,있음,1,1,있음,0.0,0.0
송파구,강동송파교육지원청,중학교,위례솔중학교,서울특별시 송파구 위례북로2길 10. 위례솔중학교 (거여동),37.4872591125777,127.150354996473,02  -402 -0122,http://wiryesol.sen.ms.kr,791,12.2,미해당,있음,2,1,있음,0.0,6.0
강동구,강동송파교육지원청,중학교,동신중학교,서울특별시 강동구 진황도로 72(천호동. 동신중학교),37.5367695166843,127.134366593349,02  -3784-3938,http://dongshin.sen.ms.kr,479,10.0,해당,있음,0,1,있음,3.0,2.0
강동구,강동송파교육지원청,중학교,배재중학교,서울특별시 강동구 고덕로 227(고덕동. 배재중학교),37.5550559824557,127.150160525237,02  -429 -1885,http://paichai.sen.ms.kr,865,17.0,해당,있음,1,1,있음,1.0,4.0
강동구,강동송파교육지원청,중학교,한영중학교,서울특별시 강동구 동남로 832(상일동.한영중학교),37.5490844724681,127.156927612469,02  -6954-6503,https://hanyoung.sen.ms.kr,783,16.7,해당,있음,0,1,있음,4.0,13.0
송파구,강동송파교육지원청,중학교,영파여자중학교,서울특별시 송파구 올림픽로 565. 영파여자중학교 (풍납동),37.5327371486645,127.119740221132,02  -488 -4074,http://www.youngpa.ms.kr,248,8.0,해당,있음,1,1,있음,0.0,1.0
강서구,강서양천교육지원청,중학교,방원중학교,서울특별시 강서구 금낭화로 268. 방원중학교 (방화동.방원중학교),37.5757386006668,126.808220414193,02  -2661-2812,http://bangwon.sen.ms.kr,280,9.3,해당,있음,1,1,있음,0.0,4.0
양천구,강서양천교육지원청,중학교,양서중학교,서울특별시 양천구 남부순환로 380(신월동.양서중학교),37.5326758132812,126.828972567552,02  -2606-5162,http://yangseo.sen.ms.kr,371,9.8,해당,있음,0,1,있음,1.0,10.0
양천구,강서양천교육지원청,중학교,양천중학교,서울특별시 양천구 지양로7길 32(신월동.양천중학교),37.5190011611899,126.830550787,02  -2694-2715,http://yangcheon.sen.ms.kr,537,11.9,해당,있음,1,1,있음,0.0,4.0
강서구,강서양천교육지원청,중학교,수명중학교,서울특별시 강서구 수명로2길 16(내발산동.수명중학교),37.5485669904719,126.824059627155,02  -6738-1201,http://sumyeong.sen.ms.kr,550,11.7,해당,있음,0,1,있음,3.0,3.0
강서구,강서양천교육지원청,중학교,덕원중학교,서울특별시 강서구 강서로45길 91-44(내발산동),37.5486225773288,126.829024518952,02  -2660-7955,http://deokwon.sen.ms.kr,736,15.0,해당,있음,1,1,있음,0.0,0.0
강남구,강남서초교육지원청,중학교,개포중학교,서울특별시 강남구 선릉로 9(개포동.개포중학교),37.4804473919149,127.062402866859,02  -2138-1630,https://gaepo.sen.ms.kr,1022,14.8,미해당,있음,1,1,있음,2.0,7.0
서초구,강남서초교육지원청,중학교,반포중학교,서울특별시 서초구 신반포로 67(반포동.반포중학교),37.5030523682879,126.991603997827,02  -599 -2304,http://banpo.sen.ms.kr,0,0.0,해당,있음,0,0,있음,1.0,4.0
서초구,강남서초교육지원청,중학교,방배중학교,서울특별시 서초구 동광로 144(반포동.방배중학교),37.494868265986,126.997827018537,02  -532 -1342,http://bangbae.sen.ms.kr,715,12.1,미해당,있음,0,1,있음,3.0,5.0
서초구,강남서초교육지원청,중학교,내곡중학교,서울특별시 서초구 청계산로7길 9-20(신원동) 내곡중학교,37.4520032504691,127.054444623274,02  -571 -9532,https://naegok.sen.ms.kr,466,10.1,미해당,있음,1,2,있음,0.0,0.0
강남구,강남서초교육지원청,중학교,중동중학교,서울특별시 강남구 일원로8길 37중동중학교,37.4885699031176,127.078681867052,070 -7092-9346,https://joongdong.sen.ms.kr/,987,17.0,해당,있음,1,1,있음,9.0,16.0
강남구,강남서초교육지원청,중학교,진선여자중학교,서울특별시 강남구 선릉로85길 27(역삼동. 진선여자중학교),37.5023028920315,127.048286565491,02  -2185-4392,http://jinseon.sen.ms.kr,1021,17.6,해당,있음,1,1,있음,0.0,5.0
관악구,동작관악교육지원청,중학교,남서울중학교,서울특별시 관악구 남부순환로172길 97. 남서울중학교 (신림동),37.4821362472153,126.921037135349,02  -855 -9832,https://namseoul.sen.ms.kr,267,9.5,해당,있음,1,1,있음,0.0,9.0
동작구,동작관악교육지원청,중학교,동작중학교,서울특별시 동작구 동작대로39가길 83(동작동),37.4954619461448,126.977801624632,02  -591 -6595,http://dongjak.sen.ms.kr,373,11.7,해당,있음,0,1,있음,1.0,6.0
동작구,동작관악교육지원청,중학교,상도중학교,서울특별시 동작구 사당로2가길 72. 상도중학교 (사당동),37.4909219003444,126.961475595626,02  -580 -8900,http://seoulsangdo.sen.ms.kr,411,11.1,해당,있음,1,2,있음,4.0,6.0
동작구,동작관악교육지원청,중학교,장승중학교,서울특별시 동작구 장승배기로10가길 25. 장승중학교 (상도동),37.5031485833795,126.940834004372,02  -812 -4415,https://jangseung.sen.ms.kr,612,12.5,해당,있음,0,1,있음,1.0,7.0
동작구,동작관악교육지원청,중학교,대방중학교,서울특별시 동작구 여의대방로10길 24(신대방동. 대방중학교),37.4954367843295,126.91301619957,02  -831 -2502,http://daebang.sen.ms.kr,637,11.8,해당,있음,1,1,있음,0.0,4.0
동작구,동작관악교육지원청,중학교,상현중학교,서울특별시 동작구 사당로2길 2-19(상도동),37.4941557795456,126.960607735677,02  -815 -5375,http://sanghyun.sen.ms.kr,473,11.5,해당,있음,1,1,있음,2.0,7.0
동작구,동작관악교육지원청,중학교,성남중학교,서울특별시 동작구 대방동길 74(대방동),37.5052815748623,126.926615278225,02  -815 -1332,http://sungnam.sen.ms.kr,497,11.8,해당,있음,1,1,있음,1.0,2.0
성동구,성동광진교육지원청,중학교,동마중학교,서울특별시 성동구 마조로11길 18(마장동),37.5628039441746,127.040361360585,02  -2294-6085,http://dongma.sen.ms.kr,379,8.8,해당,있음,1,2,있음,1.0,3.0
성동구,성동광진교육지원청,중학교,경일중학교,서울특별시 성동구 성수일로 27(성수동1가),37.5438083798316,127.047853796815,02  -468 -0651,http://kyungil.sen.ms.kr,197,9.0,해당,있음,0,1,있음,0.0,3.0
강북구,성북강북교육지원청,중학교,강북중학교,서울특별시 강북구 한천로150길 67(수유동. 강북중학교),37.6449158953693,127.025373389048,02  -999 -4104,http://kangbuk.sen.ms.kr,342,10.4,해당,있음,1,1,있음,1.0,3.0
성북구,성북강북교육지원청,중학교,북악중학교,서울특별시 성북구 정릉로12길 41(정릉동.북악중학교),37.6070090504822,127.001609529397,02  -910 -2305,http://bugak.sen.ms.kr,321,10.0,해당,있음,0,1,있음,2.0,3.0
성북구,성북강북교육지원청,중학교,홍익대학교사범대학부속중학교,서울특별시 성북구 성북로14가길 23. 홍익대학교사범대학부속중학교 (성북동.홍익대학교부속중고등학교),37.5936666161184,127.002804963597,02  -762 -0824,http://hongik.sen.ms.kr,242,7.1,해당,있음,2,1,있음,1.0,4.0
성북구,성북강북교육지원청,중학교,성신여자중학교,서울특별시 성북구 북악산로 918.성신여자중학교 (돈암동),37.5946226781717,127.023128563512,02  -3290-7876,https://sung-shin.sen.ms.kr/,645,13.7,해당,있음,1,1,있음,1.0,2.0
관악구,동작관악교육지원청,고등학교,삼성고등학교,서울특별시 관악구 신림로 41(신림동),37.469107701859,126.944010788599,02  -871 -7582,http://samsung.sen.hs.kr,263,5.7,미해당,있음,1,1,있음,4.0,2.0
서초구,강남서초교육지원청,고등학교,서울고등학교,서울특별시 서초구 효령로 197(서초동.서울고등학교),37.4842930566875,127.004901860862,02  -582 -8151,http://seoul.sen.hs.kr,1230,12.2,미해당,있음,0,2,있음,1.0,2.0
송파구,강동송파교육지원청,고등학교,잠실고등학교,서울특별시 송파구 올림픽로33길 71. 잠실고등학교 (신천동),37.522930433109,127.106515037791,02  -2141-3700,http://jamsil.sen.hs.kr,512,9.5,미해당,없음,0,1,있음,0.0,1.0
용산구,중부교육지원청,고등학교,중경고등학교,서울특별시 용산구 이촌로84길 34(이촌동),37.5176803956953,126.975638256286,02  -793 -2540,http://jungkyung.sen.hs.kr,356,8.1,미해당,있음,1,1,있음,1.0,0.0
도봉구,북부교육지원청,고등학교,창동고등학교,서울특별시 도봉구 노해로62길 7(창동.창동고등학교),37.6510357712645,127.038819095625,02  -3146-0600,http://changdong.sen.hs.kr,1064,11.1,해당,있음,1,3,있음,0.0,1.0
강동구,강동송파교육지원청,고등학교,명일여자고등학교,서울특별시 강동구 명일로 350(명일동.명일여자고등학교),37.5497763325665,127.149581506712,02  -481 -8192,http://myungil.sen.hs.kr,558,10.0,미해당,있음,1,1,있음,2.0,0.0
영등포구,남부교육지원청,고등학교,영등포여자고등학교,서울특별시 영등포구 영등포로62길 13. 영등포여자고등학교  (신길동)184-3,37.5153884476796,126.915356313843,02  -843 -0479,http://ydpg.sen.hs.kr,411,8.9,미해당,있음,1,1,있음,0.0,3.0
강서구,강서양천교육지원청,고등학교,등촌고등학교,서울특별시 강서구 공항대로39길 115. 등촌고등학교 (등촌동),37.5629452192593,126.845046119983,02  -3665-6045,http://dch.sen.hs.kr,510,9.8,미해당,있음,1,1,있음,0.0,4.0
성동구,성동광진교육지원청,고등학교,경일고등학교,서울특별시 성동구 성수일로 27. 경일고등학교 (성수동1가),37.5438083798316,127.047853796815,02  -463 -3520,http://kyungil.sen.hs.kr,321,7.5,미해당,있음,1,1,있음,2.0,0.0
송파구,강동송파교육지원청,고등학교,문정고등학교,서울특별시 송파구 송이로34길 62(문정동.문정고등학교),37.4851784987927,127.126692082604,02  -406 -0061,http://mj.sen.hs.kr,775,12.1,미해당,있음,0,2,있음,1.0,1.0
강동구,강동송파교육지원청,고등학교,강일고등학교,서울특별시 강동구 아리수로98길 40(강일동),37.5638280994729,127.177903473129,02  -428 -6200,http://gang-il.sen.hs.kr,608,10.0,미해당,있음,0,1,있음,3.0,2.0
강북구,성북강북교육지원청,고등학교,삼각산고등학교,서울특별시 강북구 삼양로19길 40(미아동.삼각산고등학교),37.6162857334914,127.020107911458,02  -980 -2290,http://samgaksan.sen.hs.kr,581,9.5,해당,있음,1,1,있음,2.0,1.0
송파구,강동송파교육지원청,고등학교,잠일고등학교,서울특별시 송파구 백제고분로 21(잠실동),37.5145543759031,127.082367731592,02  -2141-2000,http://jamil.sen.hs.kr,417,8.3,미해당,있음,2,1,있음,0.0,0.0
성북구,성북강북교육지원청,고등학교,고려대학교사범대학부속고등학교,서울특별시 성북구 정릉로 161(정릉동),37.6080476933587,127.002616144531,02  -914 -7483,http://koreahi.sen.hs.kr,664,10.7,해당,있음,2,1,있음,15.0,8.0
관악구,동작관악교육지원청,고등학교,남강고등학교,서울특별시 관악구 난곡로34길 80(신림동.남강중고등학교),37.4713756726623,126.924909105757,02  -839 -1715,http://namkang.sen.hs.kr,601,10.2,해당,있음,1,1,있음,10.0,9.0
동대문구,동부교육지원청,고등학교,대광고등학교,서울특별시 동대문구 안암로 6. 대광고등학교 (신설동),37.5779549391135,127.025328234604,02  -940 -2204,http://www.dgh.hs.kr,613,13.0,미해당,있음,0,1,있음,0.0,6.0
은평구,서부교육지원청,고등학교,대성고등학교,서울특별시 은평구 갈현로29길 51-24. 대성고등학교 (갈현동),37.6222715955953,126.911258320824,02  -6252-1000,http://dae-sung.sen.hs.kr,690,10.3,미해당,있음,1,1,있음,29.0,2.0
종로구,중부교육지원청,고등학교,대신고등학교,서울특별시 종로구 사직로 9(행촌동),37.573123769216,126.96125454884,02  -736 -0317,http://daeshin.sen.hs.kr,293,6.1,미해당,있음,1,1,있음,4.0,1.0
노원구,북부교육지원청,고등학교,대진고등학교,서울특별시 노원구 공릉로62가길 47. 대진고등학교 (하계동),37.6378068538477,127.076090022542,070 -8685-3407,http://daejin.sen.hs.kr,782,11.3,미해당,있음,1,1,있음,9.0,0.0
강서구,강서양천교육지원청,고등학교,명덕고등학교,서울특별시 강서구 강서로47길 34-10. 명덕고등학교 (내발산동),37.5538694849081,126.8339773378,02  -2664-8817,http://www.myungduk.hs.kr,741,12.1,미해당,없음,0,1,있음,70.0,8.0
송파구,강동송파교육지원청,고등학교,배명고등학교,서울특별시 송파구 삼학사로 11. 배명고등학교 (삼전동),37.4976894981876,127.095811765574,070 -4014-2595,http://bm.sen.hs.kr,736,10.8,미해당,있음,1,1,있음,8.0,1.0
관악구,동작관악교육지원청,고등학교,서울미술고등학교,서울특별시 관악구 남부순환로247길 26(봉천동.서울미술고등학교),37.4766963066016,126.966748525059,02  -872 -2111,http://seoul-art.sen.hs.kr,455,12.3,미해당,있음,1,1,있음,42.0,0.0
관악구,동작관악교육지원청,고등학교,영락고등학교,서울특별시 관악구 청룡16길 25. 영락고등학교 (봉천동),37.476541242971,126.945416499639,02  -884 -1003,https://yrgo.sen.hs.kr/,510,9.4,미해당,있음,1,1,있음,12.0,1.0
중구,중부교육지원청,고등학교,장충고등학교,서울특별시 중구 동호로15길 93장충고등학교,37.5535149002283,127.006414953028,02  -2233-9990,http://www.jangchung.hs.kr,454,11.4,미해당,있음,0,1,있음,13.0,6.0
양천구,강서양천교육지원청,고등학교,한가람고등학교,서울특별시 양천구 목동서로 15한가람고등학교 (목동),37.5374620404618,126.88400754353,02  -2642-3862,http://www.hangaram.hs.kr,529,12.3,미해당,있음,0,1,있음,0.0,0.0
성북구,성북강북교육지원청,고등학교,계성고등학교,서울특별시 성북구 길음로 63. 계성고등학교 (길음동),37.6075324963563,127.020335456853,02  -728 -6100,http://gyeseong.sen.hs.kr,885,12.0,미해당,있음,1,1,있음,14.0,2.0
노원구,북부교육지원청,고등학교,대진여자고등학교,서울특별시 노원구 공릉로 438. 대진여자고등학교 (중계동),37.6461248249441,127.06719658578,02  -979 -2327,http://daejinw.sen.hs.kr,856,10.6,미해당,있음,1,1,있음,8.0,2.0
관악구,동작관악교육지원청,고등학교,미림여자고등학교,서울특별시 관악구 호암로 546. 미림여자고등학교 (신림동),37.4661018035835,126.931927855676,02  -886 -1811,http://www.mirim.hs.kr,472,9.8,미해당,있음,0,1,있음,27.0,1.0
종로구,중부교육지원청,고등학교,배화여자고등학교,서울특별시 종로구 필운대로1길 34(필운동.배화여자고등학교),37.5795440101952,126.967291871532,02  -724 -0300,http://paiwha.sen.hs.kr,446,8.6,미해당,있음,2,1,있음,19.0,0.0
용산구,중부교육지원청,고등학교,성심여자고등학교,서울특별시 용산구 원효로19길 49. 성심여자고등학교 (원효로4가),37.534209370461,126.95459335968,02  -3279-0405,http://sacredheart.sen.hs.kr,374,7.6,미해당,있음,1,1,있음,9.0,1.0
노원구,북부교육지원청,고등학교,용화여자고등학교,서울특별시 노원구 동일로 1461. 용화여자고등학교 (상계동.용화여자고등학교),37.6591313767305,127.058280693098,02  -950 -3500,http://www.yonghwa.hs.kr/,748,10.4,미해당,있음,1,1,있음,3.0,1.0
강남구,강남서초교육지원청,고등학교,은광여자고등학교,서울특별시 강남구 남부순환로359길 36(도곡동),37.4883484513575,127.035021467585,02  -3462-2005,http://eunkwang.sen.hs.kr,729,12.0,미해당,있음,0,1,있음,0.0,0.0
노원구,북부교육지원청,고등학교,혜성여자고등학교,서울특별시 노원구 노원로16길 2(하계동. 혜성여자고등학교),37.6405502075269,127.073619657657,02  -972 -4040,http://hyesung.sen.hs.kr,819,11.4,해당,있음,0,2,있음,0.0,0.0
중랑구,동부교육지원청,고등학교,혜원여자고등학교,서울특별시 중랑구 봉우재로58길 39(망우동),37.5932798745236,127.097042711299,02  -434 -6969,http://hyewon.sen.hs.kr,555,9.9,미해당,있음,1,1,있음,13.0,0.0
노원구,북부교육지원청,고등학교,경기기계공업고등학교,서울특별시 노원구 공릉로 264(하계동),37.6322400488783,127.074928451599,02  -2289-1658,http://ggmt.sen.hs.kr,633,5.5,해당,있음,1,2,있음,15.0,1.0
송파구,강동송파교육지원청,고등학교,서울인공지능고등학교,서울특별시 송파구 양산로 21(거여동),37.4916482412209,127.142085431868,02  -711 -0507,https://seoulai.sen.hs.kr,293,4.9,미해당,있음,1,1,있음,11.0,0.0
노원구,북부교육지원청,고등학교,미래산업과학고등학교,서울특별시 노원구 덕릉로82길 54(중계동),37.658779482984,127.07844069313,02  -6921-8405,http://mist.sen.hs.kr,451,6.8,해당,있음,1,1,있음,23.0,0.0
은평구,서부교육지원청,고등학교,세명컴퓨터고등학교,서울특별시 은평구 통일로92가길 33(불광동.세명컴퓨터고등학교),37.6278475739332,126.923545504491,02  -354 -1321,http://www.smc.hs.kr,420,6.2,해당,있음,1,1,있음,6.0,1.0
강서구,강서양천교육지원청,고등학교,영등포공업고등학교,서울특별시 강서구 허준로5길 15(가양동),37.5698356164942,126.850028274704,02  -2659-2981,http://www.younggong.hs.kr,302,5.4,해당,없음,0,1,있음,20.0,0.0
용산구,중부교육지원청,고등학교,서울디지텍고등학교,서울특별시 용산구 회나무로12길 27(이태원동),37.5390082541439,126.990586044119,02  -798 -3641,http://www.sdh.hs.kr,225,6.6,미해당,있음,1,1,있음,4.0,22.0
양천구,강서양천교육지원청,고등학교,대일관광고등학교,서울특별시 양천구 신정이펜1로 11. 대일관광고등학교 (신정동. 대일관광고등학교),37.5114137684075,126.834906714744,02  -6112-1757,http://daeil-tour.sen.hs.kr,307,6.7,해당,있음,0,1,있음,18.0,0.0
강북구,성북강북교육지원청,고등학교,성암국제무역고등학교,서울특별시 강북구 도봉로29길 52(미아동. 성암국제무역고등학교),37.6204135324231,127.023905892641,02  -2179-1813,http://seongam.sen.hs.kr,322,6.7,해당,있음,1,1,있음,23.0,0.0
강서구,강서양천교육지원청,중학교,여명학교,서울특별시 강서구 허준로 221-22(가양동) 허준로 221-22,37.5611125069483,126.864221559963,02  -888 -1673,http://ymschool.org,96,5.3,미해당,있음,0,0,있음,1.0,4.0
중랑구,동부교육지원청,중학교,봉화중학교,서울특별시 중랑구 망우로70길 89(망우동.봉화중학교),37.5958275306695,127.104315557629,02  -434 -0210,http://ibonghwa.sen.ms.kr,257,8.9,해당,있음,1,1,있음,5.0,7.0
중랑구,동부교육지원청,중학교,원묵중학교,서울특별시 중랑구 신내로23길 57. 원묵중학교 (묵동),37.6178416319695,127.084553885966,02  -2094-9807,http://wonmook.sen.ms.kr,779,13.4,해당,있음,0,1,있음,12.0,14.0
중랑구,동부교육지원청,중학교,송곡중학교,서울특별시 중랑구 양원역로 67(망우동. 송곡여자중고등학교),37.6065806263938,127.10537791548,02  -6493-1947,https://songgok.sen.ms.kr,196,8.5,미해당,있음,0,1,있음,11.0,7.0
동대문구,동부교육지원청,중학교,정화여자중학교,서울특별시 동대문구 홍릉로15길 50(제기동),37.586048641672,127.041070321981,02  -6495-4558,https://jhg.sen.ms.kr/,140,6.4,해당,있음,0,1,있음,5.0,1.0
서대문구,서부교육지원청,중학교,신연중학교,서울특별시 서대문구 모래내로 408(연희동),37.582676783216,126.940382004992,02  -379 -4317,http://sinyeon.sen.ms.kr,336,10.8,해당,있음,0,2,있음,0.0,5.0
마포구,서부교육지원청,중학교,아현중학교,서울특별시 마포구 마포대로 247(아현동.아현중학교),37.5564007056196,126.9565000215,02  -363 -1813,http://ahyeon.sen.ms.kr,662,11.0,해당,있음,2,1,있음,1.0,5.0
마포구,서부교육지원청,중학교,중암중학교,서울특별시 마포구 월드컵북로38길 25(중동.중암중학교),37.5724113191677,126.903368570397,070 -4672-2807,http://joongam.sen.ms.kr,631,12.1,해당,있음,1,1,있음,2.0,3.0
마포구,서부교육지원청,중학교,광성중학교,서울 마포구 신수로8길 20(신수동.광성중고등학교),37.5486975552073,126.935969575594,02  -714 -8144,http://kwangsung.sen.ms.kr,377,13.0,해당,있음,1,1,있음,0.0,4.0
마포구,서부교육지원청,중학교,동도중학교,서울특별시 마포구 백범로 139동도중학교,37.5466750773343,126.948479002412,02  -716 -5391,http://dong-do.sen.ms.kr,648,14.4,해당,있음,1,1,있음,0.0,0.0
마포구,서부교육지원청,중학교,숭문중학교,서울특별시 마포구 숭문길 99(대흥동.숭문중고등학교),37.5508909515504,126.945886852057,070 -5168-3773,http://www.soongmoon.ms.kr,502,14.8,해당,있음,0,1,있음,3.0,3.0
은평구,서부교육지원청,중학교,영락중학교,서울특별시 은평구 백련산로 134-6. 영락중학교 (응암동),37.5970976067673,126.924473357425,02  -388 -4033,http://yn.sen.ms.kr,671,14.9,해당,있음,1,1,있음,0.0,9.0
은평구,서부교육지원청,중학교,충암중학교,서울특별시 은평구 가좌로5길 5(응암동),37.5846402882465,126.921809482886,070 -5008-5736,http://www.choongam.ms.kr,835,14.4,해당,있음,1,1,있음,0.0,6.0
은평구,서부교육지원청,중학교,선일여자중학교,서울특별시 은평구 갈현로29길 27. 선일여자중학교 (갈현동),37.6203042094228,126.911993073275,02  -355 -0161,http://sunil.sen.ms.kr,341,10.3,해당,있음,1,1,있음,4.0,1.0
구로구,남부교육지원청,중학교,구로중학교,서울특별시 구로구 구로중앙로 48(구로동),37.4948597203552,126.891099914602,02  -864 -4233,http://guro.sen.ms.kr,433,9.8,해당,있음,1,1,있음,1.0,4.0
영등포구,남부교육지원청,중학교,당산중학교,서울특별시 영등포구 버드나루로 160(당산동),37.5320330761599,126.907614032983,02  -2177-9900,http://dangsan.sen.ms.kr,425,11.8,해당,있음,2,1,있음,8.0,2.0
영등포구,남부교육지원청,중학교,양화중학교,서울특별시 영등포구 당산로 56(문래동3가),37.5195479164417,126.895940834494,02  -2633-9284,http://yangwha.sen.ms.kr,615,12.8,해당,있음,0,1,있음,1.0,6.0
노원구,북부교육지원청,중학교,중계중학교,서울특별시 노원구 덕릉로76길 23(중계동),37.6556269059244,127.074900383387,02  -932 -2545,http://junggye.sen.ms.kr,885,13.4,해당,있음,1,1,있음,1.0,7.0
도봉구,북부교육지원청,중학교,창북중학교,서울특별시 도봉구 노해로62길 33(창동.창북중학교),37.6491157717023,127.038832940575,02  -907 -7006,http://changbook.sen.ms.kr,479,11.4,해당,있음,1,1,있음,2.0,5.0
노원구,북부교육지원청,중학교,을지중학교,서울특별시 노원구 덕릉로 580을지중학교(중계동),37.6497879094923,127.071708403396,02  -387 -082.,http://eulji.sen.ms.kr,721,13.6,해당,있음,0,1,있음,0.0,8.0
도봉구,북부교육지원청,중학교,정의여자중학교,서울특별시 도봉구 노해로49길 69. 정의여자중학교 (쌍문동),37.6533558400471,127.032427255133,02  -3499-5300,http://jeongeui.sen.ms.kr,295,10.2,해당,있음,1,1,있음,1.0,1.0
노원구,북부교육지원청,중학교,한국삼육중학교,서울특별시 노원구 화랑로 815. 한국삼육중학교 (공릉동),37.643357369067,127.108850343184,02  -6959-1343,http://www.36.sen.ms.kr,464,13.6,미해당,있음,1,1,있음,1.0,4.0
중구,중부교육지원청,중학교,금호여자중학교,서울특별시 중구 청구로 6. 금호여자중학교 본관동(주1) (신당동),37.558394748875,127.020846448277,070 -405 -0566,http://kumho.sen.ms.kr,0,0.0,해당,있음,0,0,있음,1.0,4.0
중구,중부교육지원청,중학교,대경중학교,서울특별시 중구 매봉18길 111(신당동),37.5563732600255,127.016979156363,02  -2235-0798,http://www.daekyeong.ms.kr,325,11.6,해당,있음,0,1,있음,8.0,9.0
종로구,중부교육지원청,중학교,대신중학교,서울특별시 종로구 사직로 9(행촌동) 대신중학교,37.573123769216,126.96125454884,02  -736 -0318,http://dae-shin.sen.ms.kr,247,8.8,해당,있음,0,1,있음,6.0,4.0
중구,중부교육지원청,중학교,장충중학교,서울특별시 중구 동호로15길 93(신당동),37.5535149002283,127.006414953028,070 -8686-7003,http://www.jangchung.ms.kr,201,8.4,해당,있음,0,1,있음,1.0,5.0
송파구,강동송파교육지원청,중학교,세륜중학교,서울특별시 송파구 양재대로72길 41(오금동. 세륜중학교),37.5089331446047,127.131246387027,02  -411 -1000,http://seryun.sen.ms.kr,341,11.4,해당,있음,0,1,있음,0.0,0.0
강동구,강동송파교육지원청,중학교,신암중학교,서울특별시 강동구 고덕로 65. 신암중학교 (암사동),37.5563616900258,127.133604335628,02  -441 -6751,http://sinam.sen.ms.kr,565,12.8,해당,있음,1,1,있음,0.0,3.0
송파구,강동송파교육지원청,중학교,잠신중학교,서울특별시 송파구 잠실로 12잠신중학교 (잠실동),37.5160817484345,127.088243186371,02  -2251-1504,http://jamsin.sen.ms.kr,1089,14.0,미해당,있음,0,3,있음,0.0,10.0
송파구,강동송파교육지원청,중학교,잠실중학교,서울특별시 송파구 올림픽로35길 130(신천동),37.5173471687295,127.09972830098,02  -418 -0586,http://jamsil.sen.ms.kr,1277,14.3,미해당,있음,1,2,있음,0.0,5.0
강동구,강동송파교육지원청,중학교,동북중학교,서울특별시 강동구 강동대로 305(둔촌동),37.5202406144077,127.139450654266,02  -477 -2280,http://dongbuk.sen.ms.kr,439,12.5,해당,있음,1,1,있음,2.0,1.0
양천구,강서양천교육지원청,중학교,목일중학교,서울특별시 양천구 목동동로8길 70(신정동. 목일중학교),37.5135084946262,126.874268759045,02  -2646-0553,http://mokil.sen.ms.kr,1300,14.8,해당,있음,1,3,있음,1.0,7.0
양천구,강서양천교육지원청,중학교,신서중학교,서울특별시 양천구 중앙로 206(신정동.신서중학교),37.5159664434699,126.855016428706,02  -2654-8011,http://sinseo.sen.ms.kr,1236,13.6,해당,있음,1,3,있음,0.0,13.0
양천구,강서양천교육지원청,중학교,양동중학교,서울특별시 양천구 목동중앙북로 49(목동.양동중학교),37.5483687522185,126.868717203675,02  -2648-3638,http://yangdong.sen.ms.kr,570,11.4,해당,있음,1,1,있음,0.0,3.0
강서구,강서양천교육지원청,중학교,화원중학교,서울특별시 강서구 강서로17나길 86(화곡동.화원중학교),37.5362140896668,126.842413481543,02  -811 -2000,http://hwawon.sen.ms.kr,588,12.8,해당,있음,0,1,있음,5.0,1.0
양천구,강서양천교육지원청,중학교,영도중학교,서울특별시 양천구 목동중앙남로 27. 영도중학교 (목동.강서고등학교),37.5363155693554,126.865771125825,02  -2643-0243,http://www.yeongdo21.sen.ms.kr,292,12.2,해당,있음,0,1,있음,0.0,6.0
양천구,강서양천교육지원청,중학교,봉영여자중학교,서울특별시 양천구 목동동로2길 68(신정동),37.5092159752312,126.86019842592,02  -2648-7123,http://bongyoung.ms.kr,513,14.7,해당,있음,0,1,있음,0.0,6.0
강남구,강남서초교육지원청,중학교,개원중학교,서울특별시 강남구 영동대로 101. 개원중학교 (개포동.개원중학교),37.4915905275033,127.071900307455,02  -3411-8321,https://gaewon.sen.ms.kr/,937,15.4,해당,있음,0,2,있음,0.0,6.0
강남구,강남서초교육지원청,중학교,대왕중학교,서울특별시 강남구 광평로20길 7(수서동),37.4834603317394,127.087338052671,02  -2226-2646,http://daewang.sen.ms.kr,901,15.3,미해당,있음,0,1,있음,0.0,9.0
강남구,강남서초교육지원청,중학교,봉은중학교,서울특별시 강남구 영동대로128길 59(삼성동),37.5189766694152,127.062389351922,02  -547 -5628,http://bongeun.sen.ms.kr,264,9.4,미해당,있음,0,2,있음,2.0,4.0
강남구,강남서초교육지원청,중학교,수서중학교,서울특별시 강남구 광평로59길 57(수서동.수서중학교),37.4912175755191,127.102355480301,02  -451 -7092,http://suseo.sen.ms.kr,547,9.3,해당,있음,0,1,있음,2.0,6.0
서초구,강남서초교육지원청,중학교,신반포중학교,서울특별시 서초구 신반포로19길 26. 신반포중학교 (반포동.신반포중학교),37.5062653180781,126.996124207907,02  -537 -6731,http://shinbanpo.sen.ms.kr,957,15.2,미해당,있음,1,1,있음,1.0,6.0
강남구,강남서초교육지원청,중학교,숙명여자중학교,서울특별시 강남구 남부순환로 2807. 숙명여자중학교(도곡동),37.4914753613052,127.052612582715,02  -6252-9208,http://sookmyung.sen.ms.kr,920,18.8,해당,있음,0,1,있음,5.0,5.0
동작구,동작관악교육지원청,중학교,강남중학교,서울특별시 동작구 대방동15길 29(대방동. 강남중학교),37.5027626308253,126.923346619702,02  -814 -5637,http://kangnam.sen.ms.kr,265,9.8,해당,있음,0,1,있음,1.0,0.0
동작구,동작관악교육지원청,중학교,국사봉중학교,서울특별시 동작구 양녕로20길 20. 국사봉중학교 (상도동),37.493532631943,126.944055659373,02  -823 -8715,http://kuksabong.sen.ms.kr,345,10.1,해당,있음,1,1,있음,0.0,2.0
관악구,동작관악교육지원청,중학교,미성중학교,서울특별시 관악구 문성로16길 40(신림동),37.4753828116217,126.912088901502,02  -860 -0900,http://misung.sen.ms.kr,439,11.6,해당,있음,2,2,있음,1.0,4.0
관악구,동작관악교육지원청,중학교,봉림중학교,서울특별시 관악구 장군봉길 72(봉천동),37.4811981682395,126.937702673305,02  -888 -1281,http://bongrim.sen.ms.kr,238,8.2,해당,있음,1,1,있음,2.0,3.0
동작구,동작관악교육지원청,중학교,숭의여자중학교,서울특별시 동작구 여의대방로36길 79. 숭의여자중학교 (대방동),37.507364139341,126.92924328346,02  -810 -7700,http://seg.sen.ms.kr,437,12.5,미해당,있음,1,1,있음,1.0,1.0
광진구,성동광진교육지원청,중학교,구의중학교,서울특별시 광진구 광나루로30길 80(화양동),37.5428503028479,127.078840375276,02  -447 -4798,http://guui.sen.ms.kr,418,11.6,해당,있음,1,1,있음,1.0,5.0
성북구,성북강북교육지원청,중학교,서울대학교사범대학부설중학교,서울특별시 성북구 월곡로 36(종암동),37.5958358987959,127.039066241267,02  -943 -5812,http://www.snu.ms.kr,577,9.5,해당,있음,0,1,있음,0.0,1.0
성북구,성북강북교육지원청,중학교,삼선중학교,서울특별시 성북구 동소문로3길 69(동소문동4가.삼선중학교),37.5917443908697,127.007872876935,02  -742 -1147,http://samseon.sen.ms.kr,340,10.3,해당,있음,1,1,있음,1.0,1.0
강북구,성북강북교육지원청,중학교,서라벌중학교,서울특별시 강북구 삼양로155길 37-9. 서라벌중학교 (우이동),37.6569840292148,127.011488328327,070 -8280-4656,http://sorabol.ms.kr,262,10.1,해당,있음,1,1,있음,1.0,4.0
영등포구,남부교육지원청,고등학교,관악고등학교,서울특별시 영등포구 영등포로6길 26(양평동2가),37.5217916605406,126.88292354628,02  -2633-5954,http://kwan-ak.sen.hs.kr,718,11.4,미해당,있음,0,1,있음,2.0,2.0
강남구,강남서초교육지원청,고등학교,압구정고등학교,서울특별시 강남구 압구정로39길 20. 압구정고등학교 (압구정동),37.5311339475008,127.032711640733,02  -549 -0213,http://apgujeong.sen.hs.kr,508,9.2,미해당,있음,1,1,있음,0.0,0.0
중랑구,동부교육지원청,고등학교,면목고등학교,서울특별시 중랑구 용마산로72길 36-14(면목동.면목고등학교),37.5846634085871,127.097270640409,02  -435 -0002,http://mmhs.sen.hs.kr,567,9.8,미해당,있음,1,1,있음,3.0,0.0
노원구,북부교육지원청,고등학교,수락고등학교,서울특별시 노원구 동일로245길 143(상계동.수락고등학교),37.6829077650293,127.053570991513,070 -4016-9000,http://surak.sen.hs.kr,511,9.3,미해당,있음,1,1,있음,0.0,2.0
관악구,동작관악교육지원청,고등학교,신림고등학교,서울특별시 관악구 문성로 119. 신림고등학교 (신림동),37.4792104943499,126.916967177377,02  -6219-8300,http://sillim.sen.hs.kr,485,10.8,해당,있음,1,1,있음,1.0,1.0
양천구,강서양천교육지원청,고등학교,신목고등학교,서울특별시 양천구 안양천로 739(신정동.신목고등학교),37.512909431854,126.873606945101,070 -872 -0501,http://shinmok.sen.hs.kr,1069,11.5,미해당,있음,1,2,있음,0.0,3.0
영등포구,남부교육지원청,고등학교,영신고등학교,서울특별시 영등포구 대방천로14길 18(신길동.영신고등학교),37.4981009442437,126.909739022671,02  -834 -6051,http://youngsin.sen.hs.kr,639,11.4,해당,있음,1,2,있음,3.0,0.0
용산구,중부교육지원청,고등학교,용산고등학교,서울특별시 용산구 두텁바위로 60(용산동2가.용산고등학교),37.5458673821179,126.980327669219,02  -3706-6700,http://yongsan.sen.hs.kr,764,9.8,미해당,있음,1,1,있음,3.0,0.0
중랑구,동부교육지원청,고등학교,태릉고등학교,서울특별시 중랑구 신내로23길 36. 태릉고등학교 (묵동),37.6189925408244,127.085819844147,02  -6211-8585,http://taereung.sen.hs.kr,733,11.3,해당,있음,1,2,있음,5.0,2.0
노원구,북부교육지원청,고등학교,월계고등학교,서울특별시 노원구 초안산로5길 66(월계동.월계고등학교),37.6316734128872,127.048388273455,02  -908 -0063,http://wg.sen.hs.kr,511,9.6,해당,있음,1,1,있음,4.0,0.0
강북구,성북강북교육지원청,고등학교,솔샘고등학교,서울특별시 강북구 인수봉로 39. 솔샘고등학교,37.6237648476803,127.012068855446,02  -982 -6104,http://solsaem.sen.hs.kr,602,10.4,미해당,있음,1,1,있음,1.0,2.0
관악구,동작관악교육지원청,고등학교,구암고등학교,서울특별시 관악구 성현로 57(봉천동.구암고등학교),37.4925540129161,126.950219161074,02  -879 -9813,https://guahm.sen.hs.kr,540,10.8,미해당,있음,1,1,있음,6.0,0.0
동대문구,동부교육지원청,고등학교,휘봉고등학교,서울특별시 동대문구 한천로 290(휘경동),37.5863723553049,127.068940658438,02  -2116-7211,http://hwibong.sen.hs.kr,479,9.8,미해당,있음,1,1,있음,6.0,0.0
서대문구,서부교육지원청,고등학교,가재울고등학교,서울특별시 서대문구 수색로 100-35(북가좌동),37.5743637013203,126.909529666957,02  -6351-0500,http://gajaeul.sen.hs.kr,659,11.4,해당,있음,1,1,있음,0.0,3.0
동작구,동작관악교육지원청,고등학교,경문고등학교,서울특별시 동작구 동작대로 171. 경문고등학교 (동작동),37.4934188575707,126.982273400501,02  -3479-3601,http://kyungmoon.hs.kr/,665,12.5,미해당,있음,1,1,있음,5.0,1.0
마포구,서부교육지원청,고등학교,경성고등학교,서울특별시 마포구 성미산로 111. 경성고등학교 (연남동),37.563510635781,126.919166278819,02  -3140-1244,http://gyeongseong.sen.hs.kr,598,10.1,미해당,있음,1,2,있음,0.0,7.0
강동구,강동송파교육지원청,고등학교,광문고등학교,서울특별시 강동구 동남로 968광문고등학교 (고덕동),37.5604616297792,127.158546528744,02  -427 -2872,http://www.gwangmun.com,1218,14.7,미해당,있음,1,1,있음,8.0,3.0
양천구,강서양천교육지원청,고등학교,광영고등학교,서울특별시 양천구 남부순환로30길 17(신월동.광영고등학교),37.5371981027922,126.823275879439,02  -2650-2035,http://ky.hs.kr,850,11.0,해당,있음,1,1,있음,5.0,1.0
은평구,서부교육지원청,고등학교,선정고등학교,서울특별시 은평구 서오릉로20길 19. 선정고등학교 (갈현동),37.6187045126614,126.909031611714,02  -3156-1732,http://www.sunjung.hs.kr,1079,12.5,해당,있음,0,1,있음,31.0,4.0
강북구,성북강북교육지원청,고등학교,신일고등학교,서울특별시 강북구 솔매로49길 20(미아동),37.627967222367,127.028403050284,02  -944 -9900,http://www.shin-il.hs.kr,972,14.7,미해당,있음,0,1,있음,51.0,8.0
강서구,강서양천교육지원청,고등학교,영일고등학교,서울특별시 강서구 등촌로51가길 26. 영일고등학교 (등촌동),37.5472872620345,126.86205890011,02  -2653-8134,https://youngil.sen.hs.kr,647,10.0,미해당,있음,1,1,있음,9.0,0.0
은평구,서부교육지원청,고등학교,충암고등학교,서울특별시 은평구 가좌로5길 5(응암동),37.5846402882465,126.921809482886,02  -309 -0236,http://www.cham.sen.hs.kr,1024,11.8,해당,있음,1,2,있음,7.0,0.0
노원구,북부교육지원청,고등학교,한국삼육고등학교,서울특별시 노원구 화랑로 815(공릉동),37.643357369067,127.108850343184,02  -6395-3636,http://www.sahmyook.hs.kr,446,9.3,미해당,있음,1,1,있음,4.0,0.0
강서구,강서양천교육지원청,고등학교,화곡고등학교,서울특별시 강서구 강서로45길 69. 화곡고등학교 (내발산동),37.547936112544,126.831535677751,070 -8277-2900,http://hwagok.sen.hs.kr,685,11.4,해당,있음,0,1,있음,25.0,0.0
중구,중부교육지원청,고등학교,환일고등학교,서울특별시 중구 환일길 47(만리동2가),37.5537559309443,126.962588449936,02  -390 -7204,https://www.hwanil.hs.kr,374,7.1,미해당,있음,1,1,있음,14.0,10.0
강남구,강남서초교육지원청,고등학교,휘문고등학교,서울특별시 강남구 역삼로 541(대치동),37.5052894535671,127.061993880621,02  -500 -9500,http://www.whimoon.hs.kr/,1220,16.5,미해당,있음,0,1,있음,9.0,0.0
양천구,강서양천교육지원청,고등학교,광영여자고등학교,서울특별시 양천구 남부순환로30길 17. 광영여자고등학교 (신월동),37.5371981027922,126.823275879439,02  -2640-5585,http://www.kyg.hs.kr,921,12.4,해당,있음,1,1,있음,0.0,0.0
노원구,북부교육지원청,고등학교,상명고등학교,서울특별시 노원구 덕릉로 553. 상명고등학교 (중계동),37.649540794927,127.067701313205,02  -971 -6211,http://www.sangmyung.sen.hs.kr,848,11.8,해당,있음,1,1,있음,8.0,3.0
송파구,강동송파교육지원청,고등학교,영동일고등학교,서울특별시 송파구 석촌호수로 93영동일고등학교 (잠실동),37.5099746522433,127.089443727735,02  -6941-2605,http://ydi.sen.hs.kr,902,11.4,미해당,있음,1,1,있음,0.0,0.0
노원구,북부교육지원청,고등학교,청원여자고등학교,서울특별시 노원구 한글비석로 506. 청원여자고등학교 (상계동.청원초/중/고등학교),37.6652515464657,127.062532889006,02  -3399-7713,http://cheongwon-gh.sen.hs.kr,846,10.6,해당,있음,1,2,있음,12.0,0.0
구로구,남부교육지원청,고등학교,오류고등학교,서울특별시 구로구 오리로21길 2(궁동. 오류고등학교),37.5003550678039,126.827683012604,02  -2684-2300,http://oryu.sen.hs.kr,476,11.1,미해당,있음,0,1,있음,12.0,2.0
강서구,강서양천교육지원청,고등학교,동양고등학교,서울특별시 강서구 허준로 50(가양동.동양고등학교),37.5690302418497,126.846888761424,02  -2657-0878,http://www.dongyang.sen.hs.kr,447,9.1,미해당,있음,2,2,있음,15.0,7.0
강서구,강서양천교육지원청,고등학교,덕원예술고등학교,서울특별시 강서구 강서로45길 91-44. 덕원예술고등학교 (내발산동),37.5486225773288,126.829024518952,02  -2660-7906,http://dwarts.sen.hs.kr,596,16.6,미해당,있음,1,1,있음,0.0,101.0
강서구,강서양천교육지원청,고등학교,서울디지털콘텐츠고등학교,서울특별시 강서구 방화대로47길 9(방화동.서울디지털콘텐츠고등학교),37.5760316539822,126.816181097939,02  -2666-2106,https://sdcont.sen.hs.kr/,204,4.2,미해당,있음,0,1,있음,7.0,1.0
성동구,성동광진교육지원청,고등학교,서울방송고등학교,서울특별시 성동구 동호로5길 131(옥수동),37.5477744781642,127.011037345163,02  -3399-0500,https://seb.sen.hs.kr,392,6.3,해당,있음,1,1,있음,27.0,0.0
강남구,강남서초교육지원청,고등학교,대진디자인고등학교,서울특별시 강남구 광평로39길 93(수서동.대진디자인고등학교),37.4904281491372,127.095979339516,02  -2226-8418,http://daejindesign.sen.hs.kr,373,5.5,해당,있음,1,1,있음,4.0,6.0
은평구,서부교육지원청,고등학교,신진과학기술고등학교,서울특별시 은평구 은평로6길 16(응암동.학교법인신진학원),37.59871384669,126.918836393178,02  -385 -3451,http://shinjin.hs.kr,363,5.9,해당,있음,1,1,있음,12.0,0.0
은평구,서부교육지원청,고등학교,예일디자인고등학교,서울특별시 은평구 연서로 117. 예일디자인고등학교 (구산동),37.6109458980893,126.914792838283,02  -380 -0865,http://yaledesign.sen.hs.kr,442,8.5,해당,없음,0,1,있음,8.0,4.0
양천구,강서양천교육지원청,고등학교,서울금융고등학교,서울특별시 양천구 가로공원로61길 19. 서울금융고등학교 (신월동),37.5376595496119,126.825914607519,02  -2694-3710,http://seoulfc.sen.hs.kr,271,4.7,해당,있음,0,1,있음,13.0,0.0
중구,중부교육지원청,고등학교,성동글로벌경영고등학교,서울특별시 중구 퇴계로 375(신당동. 성동글로벌경영고등학교),37.5658547150955,127.0135246262,02  -2252-1932,http://sdglobal.sen.hs.kr,330,6.5,해당,있음,0,1,있음,20.0,3.0
동대문구,동부교육지원청,고등학교,서울정화고등학교,서울특별시 동대문구 홍릉로15길 50(제기동)서울정화고등학교,37.586048641672,127.041070321981,02  -960 -1495,http://jeonghwa.sen.hs.kr,259,6.5,미해당,있음,0,2,있음,14.0,0.0
구로구,남부교육지원청,고등학교,예림디자인고등학교,서울특별시 구로구 오리로21길 2(궁동.예림디자인고등학교),37.5003550678039,126.827683012604,02  -2683-7019,http://yerim.sen.hs.kr,355,9.1,해당,있음,0,1,있음,9.0,2.0
도봉구,북부교육지원청,고등학교,세그루패션디자인고등학교,서울특별시 도봉구 시루봉로 53세그루패션디자인고등학교(쌍문동),37.6562750160952,127.026703057445,070 -1532-1530,http://sfd.sen.hs.kr,358,6.3,해당,있음,1,1,있음,10.0,2.0
중랑구,동부교육지원청,고등학교,송곡관광고등학교,서울특별시 중랑구 양원역로 67송곡관광고등학교(망우동),37.6065806263938,127.10537791548,02  -6077-9462,http://sgi.sen.hs.kr,266,7.2,해당,있음,0,1,있음,14.0,0.0
관악구,동작관악교육지원청,중학교,서울산업정보학교,서울특별시 관악구 신림로 67. 서울산업정보학교 (신림동),37.4705041702937,126.941940568518,02  -6331-1900,http://sis.sen.sc.kr,0,0.0,미해당,있음,0,1,있음,1.0,4.0
중구,중부교육지원청,중학교,서울실용음악고등학교,서울특별시 중구 퇴계로88가길 8(신당동.서울실용음악고등학교),37.5633445927889,127.020631303957,02  -2231-5210,http://www.seoulmusic.hs.kr,129,21.5,미해당,있음,0,0,있음,1.0,4.0
성동구,성동광진교육지원청,중학교,서울온라인학교,서울특별시 성동구 왕십리로 199(행당동) 후관 4층 서울온라인학교,37.5552642216916,127.041141809583,02  -6953-9700,http://seoulonline.sen.hs.kr,0,0.0,미해당,있음,0,0,있음,1.0,4.0
동대문구,동부교육지원청,중학교,장평중학교,서울특별시 동대문구 답십리로72길 158. 장평중학교 (장안동),37.5668596067189,127.070477570556,02  -2243-8282,http://jangpyung.sen.ms.kr,763,13.4,해당,있음,0,1,있음,5.0,5.0
동대문구,동부교육지원청,중학교,전농중학교,서울특별시 동대문구 사가정로13길 71(전농동.전농중학교),37.5820442761539,127.059279434844,02  -2242-6652,http://jeonnong.sen.ms.kr,393,12.7,해당,있음,0,1,있음,2.0,5.0
동대문구,동부교육지원청,중학교,전동중학교,서울특별시 동대문구 장안벚꽃로 291(휘경동.전동중학교),37.5861935915453,127.070929087368,02  -2212-9266,http://jeondong.sen.ms.kr,425,12.5,해당,있음,1,1,있음,9.0,6.0
중랑구,동부교육지원청,중학교,용마중학교,서울특별시 중랑구 면목로28길 18(면목동. 용마중학교),37.5745091144718,127.086267425784,02  -3496-0217,http://yongma.sen.ms.kr,471,11.2,해당,있음,0,1,있음,2.0,4.0
중랑구,동부교육지원청,중학교,영란여자중학교,서울특별시 중랑구 망우로73길 56(망우동),37.6031323992803,127.105332396209,02  -2209-0143,http://youngran.sen.ms.kr,252,9.0,해당,있음,0,1,있음,17.0,6.0
중랑구,동부교육지원청,중학교,혜원여자중학교,서울특별시 중랑구 봉우재로 58길 39(망우동),37.5932798745236,127.097042711299,02  -6491-7918,http://hyewon.ms.kr,354,11.4,해당,있음,1,1,있음,10.0,7.0
은평구,서부교육지원청,중학교,불광중학교,서울특별시 은평구 불광로 180. 불광중학교 (불광동),37.6231798247545,126.932389206759,02  -384 -6591,http://bulgwang.sen.ms.kr,530,11.5,해당,있음,1,1,있음,8.0,8.0
서대문구,서부교육지원청,중학교,연북중학교,서울특별시 서대문구 연희로36길 32(연희동),37.5775532912341,126.938295387125,02  -332 -7378,http://yeonbuk.sen.ms.kr,220,8.1,해당,있음,0,1,있음,1.0,6.0
은평구,서부교육지원청,중학교,은평중학교,서울특별시 은평구 갈현로17나길 12-1(구산동),37.6106351824588,126.908347176378,02  -382 -3545,http://eunpyeong.sen.ms.kr,531,10.8,해당,있음,1,2,있음,2.0,5.0
은평구,서부교육지원청,중학교,증산중학교,서울특별시 은평구 증산로5길 27-30. 증산중학교 (증산동),37.5840017285564,126.905739176287,02  -303 -9294,http://jeungsan.sen.ms.kr,507,11.5,해당,있음,0,1,있음,3.0,8.0
은평구,서부교육지원청,중학교,신도중학교,서울특별시 은평구 진관1로 77-30(진관동),37.6329931167171,126.930713128967,02  -389 -4301,http://shindo.sen.ms.kr,1012,11.4,해당,있음,0,2,있음,0.0,7.0
서대문구,서부교육지원청,중학교,이화여자대학교사범대학부속이화?금란중학교,서울특별시 서대문구 성산로 520(대신동),37.5626393076934,126.944488566727,02  -392 -6175,http://ewha.sen.ms.kr,492,14.9,미해당,있음,0,1,있음,1.0,4.0
영등포구,남부교육지원청,중학교,영남중학교,서울특별시 영등포구 대림로31나길 17. 영남중학교 (대림동),37.4978721812656,126.895836459703,02  -848 -9333,http://yeongnam.sen.ms.kr,408,10.7,해당,있음,1,1,있음,0.0,0.0
구로구,남부교육지원청,중학교,오남중학교,서울특별시 구로구 오리로9길 25(오류동),37.4870039026157,126.83717096334,02  -2687-4235,http://ohnam.sen.ms.kr,551,11.7,해당,있음,1,1,있음,0.0,3.0
구로구,남부교육지원청,중학교,우신중학교,서울특별시 구로구 부일로 917. 우신중학교 (궁동),37.4949023087281,126.826353599765,02  -2610-1610,http://wooshin.ms.kr,255,9.8,해당,있음,0,1,있음,0.0,1.0
노원구,북부교육지원청,중학교,노일중학교,서울특별시 노원구 동일로231길 24. 노일중학교 (상계동),37.6722888633529,127.053889693074,02  -3391-0092,http://noil.sen.ms.kr,326,10.5,해당,있음,0,1,있음,0.0,0.0
도봉구,북부교육지원청,중학교,백운중학교,서울특별시 도봉구 도봉로129길 50(쌍문동),37.6562806786387,127.035622286787,02  -998 -4035,http://baekwoon.sen.ms.kr,436,10.9,해당,있음,0,1,있음,8.0,3.0
도봉구,북부교육지원청,중학교,북서울중학교,서울특별시 도봉구 도봉로169가길 33(도봉동),37.6815704209468,127.042573542277,02  -956 -1004,https://bukseoul.sen.ms.kr,384,9.8,해당,있음,2,1,있음,1.0,4.0
노원구,북부교육지원청,중학교,신창중학교,서울 노원구 월계로45길 92(월계동.신창중학교),37.6285588034653,127.047477602261,02  -904 -4206,http://sc.sen.ms.kr,285,10.2,해당,있음,1,1,있음,0.0,1.0
노원구,북부교육지원청,중학교,온곡중학교,서울특별시 노원구 노원로 492(상계동.온곡중학교),37.660581424498,127.064332662253,02  -934 -8908,http://ongok.sen.ms.kr,445,11.7,해당,있음,1,1,있음,0.0,8.0
노원구,북부교육지원청,중학교,중평중학교,서울특별시 노원구 동일로203길 87(하계동.중평중학교),37.6369763760003,127.062335387205,02  -977 -3026,http://jungpyong.sen.ms.kr/,743,12.4,해당,있음,1,1,있음,0.0,3.0
노원구,북부교육지원청,중학교,광운중학교,서울특별시 노원구 광운로1길 24(월계동.광운중학교),37.6192431974844,127.056540751938,02  -942 -2372,http://kwangwoon.sen.ms.kr,334,11.5,해당,있음,0,1,있음,0.0,3.0
노원구,북부교육지원청,중학교,재현중학교,서울특별시 노원구 덕릉로82길 64(중계동.재현중/고등학교),37.6612906377296,127.080799772038,02  -932 -4816,http://jaehyun.sen.ms.kr,518,12.3,해당,있음,1,1,있음,0.0,1.0
노원구,북부교육지원청,중학교,청원중학교,서울특별시 노원구 한글비석로 506. 청원중학교 (상계동.청원초/중/고등학교),37.6652515464657,127.062532889006,02  -3399-7722,http://cheongwon.sen.ms.kr,497,12.1,해당,있음,1,1,있음,0.0,2.0
종로구,중부교육지원청,중학교,서울대학교사범대학부설여자중학교,서울특별시 종로구 대학로 64. 서울대학교사범대학부설여자중학교 (이화동),37.577618353105,127.004315334067,02  -762 -5252,http://snu.sen.ms.kr,336,6.7,해당,있음,0,1,있음,0.0,11.0
종로구,중부교육지원청,중학교,배화여자중학교,서울특별시 종로구 필운대로1길 34배화여자중학교,37.5795440101952,126.967291871532,02  -725 -6451,http://www.paiwha.ms.kr,354,9.8,해당,있음,1,1,있음,1.0,6.0
송파구,강동송파교육지원청,중학교,거원중학교,서울특별시 송파구 양산로2길 30(거여동.거원중학교),37.4876964764281,127.146542554504,02  -405 -4205,http://geowon.sen.ms.kr,414,10.9,해당,있음,2,1,있음,0.0,3.0
송파구,강동송파교육지원청,중학교,오금중학교,서울특별시 송파구 오금로35길 20(오금동.오금중학교),37.5052111047982,127.129112056324,02  -402 -4778,http://ogeum.sen.ms.kr,344,11.5,해당,있음,2,1,있음,0.0,1.0
강동구,강동송파교육지원청,중학교,명일중학교,서울특별시 강동구 양재대로156길 57(고덕동.명일중학교),37.5576563502383,127.14729852725,02  -429 -5641,http://myungil.sen.ms.kr,1108,15.2,해당,있음,0,2,있음,3.0,6.0
강동구,강동송파교육지원청,중학교,강명중학교,서울특별시 강동구 상일로12길 56(강일동. 강명중학교),37.5556127825867,127.174608361426,02  -440 -3200,http://gangmyoung.sen.ms.kr,723,12.3,해당,있음,1,1,있음,6.0,4.0
송파구,강동송파교육지원청,중학교,배명중학교,서울특별시 송파구 삼학사로 11(삼전동.배명중고등학교),37.4976894981876,127.095811765574,070 -4014-2595,http://bm.sen.ms.kr,448,10.4,해당,있음,1,1,있음,4.0,7.0
강동구,강동송파교육지원청,중학교,성덕여자중학교,서울특별시 강동구 구천면로 396. 성덕여자중학교 (천호동),37.5498545397762,127.141541303447,02  -475 -4626,http://www.sd.ms.kr,516,11.5,해당,있음,1,1,있음,1.0,3.0
강서구,강서양천교육지원청,중학교,방화중학교,서울특별시 강서구 개화동로27길 9(방화동),37.5643347062636,126.807106919786,02  -2662-4452,http://banghwa.sen.ms.kr,285,8.4,해당,있음,1,1,있음,0.0,9.0
강서구,강서양천교육지원청,중학교,염경중학교,서울특별시 강서구 양천로69길 35(염창동.염경중학교),37.5545378116366,126.870529242403,02  -3661-6252,http://yeomgyeong.sen.ms.kr,572,11.7,해당,있음,1,1,있음,1.0,10.0
강서구,강서양천교육지원청,중학교,신정여자중학교,서울특별시 강서구 등촌로13아길 20신정여자중학교,37.5384117486135,126.85717155125,02  -6949-3511,http://shinjeong.sen.ms.kr,385,11.3,해당,있음,0,1,있음,1.0,4.0
강서구,강서양천교육지원청,중학교,마곡하늬중학교,서울특별시 강서구 마곡서1로 16(마곡동),37.5581678959806,126.820984775861,02  -6985-5900,http://magokhanui.sen.ms.kr,790,13.4,미해당,있음,0,1,있음,2.0,5.0
강남구,강남서초교육지원청,중학교,구룡중학교,서울특별시 강남구 선릉로 103(개포동.구룡중학교),37.4862129389068,127.056507505045,02  -577 -3708,http://gury.sen.ms.kr/,906,14.6,해당,있음,2,1,있음,0.0,4.0
강남구,강남서초교육지원청,중학교,도곡중학교,서울특별시 강남구 언주로57길 31(도곡동.도곡중학교),37.4922937289635,127.044785558988,02  -3462-5951,http://dogok.sen.ms.kr,813,14.3,해당,있음,1,1,있음,0.0,3.0
강남구,강남서초교육지원청,중학교,신구중학교,서울특별시 강남구 압구정로36길 17(신사동.신구중학교),37.5274422864928,127.031672730195,02  -548 -5038,http://shingu.sen.ms.kr,254,10.2,해당,있음,0,1,있음,2.0,3.0
강남구,강남서초교육지원청,중학교,언북중학교,서울특별시 강남구 도산대로38길 27(논현동.언북중학교),37.5194111496903,127.033490549669,02  -544 -1311,http://eonbuk.sen.ms.kr,302,11.2,해당,있음,0,1,있음,0.0,3.0
관악구,동작관악교육지원청,중학교,난우중학교,서울특별시 관악구 난곡로16길 32. 난우중학교 (신림동),37.4668039555901,126.922828324577,02  -863 -7225,http://nanwoo.sen.ms.kr,496,11.0,해당,있음,0,2,있음,0.0,3.0
관악구,동작관악교육지원청,중학교,당곡중학교,서울특별시 관악구 봉천로13길 101. 당곡중학교 (봉천동),37.4923586311415,126.932678731475,02  -870 -7717,http://danggok.sen.ms.kr,509,11.3,해당,있음,1,2,있음,6.0,6.0
관악구,동작관악교육지원청,중학교,인헌중학교,서울특별시 관악구 인헌9길 35. 인헌중학교 (봉천동),37.4726853122526,126.968848481233,02  -877 -6760,http://inhun.sen.ms.kr,420,11.4,해당,있음,1,1,있음,24.0,0.0
관악구,동작관악교육지원청,중학교,남강중학교,서울특별시 관악구 난곡로34길 80(신림동.남강중고등학교),37.4713756726623,126.924909105757,02  -839 -1709,http://www.namkang.ms.kr,265,8.8,해당,있음,1,1,있음,3.0,13.0
성동구,성동광진교육지원청,중학교,광희중학교,서울특별시 성동구 독서당로62길 46. 광희중학교 (응봉동),37.5511545255411,127.033980048989,02  -2298-0250,http://kwanghee.sen.ms.kr,770,13.5,해당,있음,0,2,있음,1.0,8.0
성동구,성동광진교육지원청,중학교,옥정중학교,서울특별시 성동구 한림말길 11. 옥정중학교 (옥수동),37.5416703705205,127.012983234555,02  -6021-2123,https://okjung.sen.ms.kr/,490,10.9,해당,있음,1,1,있음,0.0,1.0
광진구,성동광진교육지원청,중학교,양진중학교,서울특별시 광진구 워커힐로 32. 양진중학교,37.5449782076528,127.098714317037,02  -2049-1200,http://yangjin.sen.ms.kr,872,12.8,해당,있음,1,1,있음,2.0,5.0
광진구,성동광진교육지원청,중학교,건국대학교사범대학부속중학교,서울특별시 광진구 자양로 145-1건국대학교사범대학부속중학교,37.5406971558966,127.08321501624,02  -457 -0318,http://konkuk.sen.ms.kr,617,13.7,해당,있음,0,2,있음,2.0,9.0
광진구,성동광진교육지원청,중학교,동국대학교사범대학부속가람중학교,서울특별시 광진구 광나루로36길 47. 동국대학교사범대학부속가람중학교 (구의동),37.5419210650592,127.086977917618,02  -6948-2280,https://garam.sen.ms.kr,425,12.1,미해당,있음,0,1,있음,2.0,9.0
강북구,성북강북교육지원청,중학교,수유중학교,서울특별시 강북구 인수봉로37길 40(수유동.수유중학교),37.6312894231046,127.010319655123,02  -945 -6102,http://suyu.sen.ms.kr,424,11.2,해당,있음,1,1,있음,2.0,2.0
성북구,성북강북교육지원청,중학교,월곡중학교,서울특별시 성북구 장월로 6(상월곡동.월곡중학교),37.6069823458659,127.048259362361,02  -6496-6600,http://wolgok.sen.ms.kr,488,12.2,해당,있음,0,1,있음,1.0,3.0
강북구,성북강북교육지원청,중학교,화계중학교,서울특별시 강북구 화계사길 63(수유동),37.6325180593561,127.009709077901,02  -986 -3073,http://hwagye.sen.ms.kr,336,11.2,해당,있음,1,1,있음,1.0,2.0
성북구,성북강북교육지원청,중학교,개운중학교,서울특별시 성북구 북악산로 935(돈암동.개운중학교),37.5946266547149,127.024842114657,02  -3291-5492,http://gw.sen.ms.kr,700,12.7,해당,있음,0,1,있음,0.0,9.0
서초구,강남서초교육지원청,고등학교,양재고등학교,서울특별시 서초구 남부순환로346길 9(서초동.양재고등학교),37.4824216431127,127.032079625373,02  -571 -4457,http://yangjae.sen.hs.kr,822,10.8,미해당,있음,2,1,있음,2.0,1.0
영등포구,남부교육지원청,고등학교,여의도고등학교,서울특별시 영등포구 국제금융로7길 37(여의도동),37.525051010673,126.934219234109,02  -782 -0802,http://yeouido.sen.hs.kr,661,9.4,미해당,있음,1,1,있음,1.0,0.0
송파구,강동송파교육지원청,고등학교,잠신고등학교,서울특별시 송파구 잠실로 24. 잠신고등학교 (잠실동),37.5147012912615,127.08828295987,02  -417 -8771,http://jamsin.sen.hs.kr,675,9.8,미해당,있음,0,1,있음,1.0,0.0
동대문구,동부교육지원청,고등학교,청량고등학교,서울특별시 동대문구 왕산로 303(청량리동. 청량고등학교),37.5888860047887,127.051310950177,02  -959 -4362,http://chungryang.sen.hs.kr,846,11.3,미해당,있음,2,1,있음,7.0,7.0
강북구,성북강북교육지원청,고등학교,혜화여자고등학교,서울특별시 강북구 인수봉로 127(수유동.혜화여자고등학교),37.6313084157842,127.013212021303,02  -985 -8415,http://hyehwa-h.sen.hs.kr,588,10.3,해당,있음,2,1,있음,1.0,2.0
중랑구,동부교육지원청,고등학교,원묵고등학교,서울특별시 중랑구 숙선옹주로 82. 원묵고등학교 (묵동),37.6152323139525,127.085507784516,02  -3422-3573,http://wonmook.sen.hs.kr,653,10.9,미해당,있음,1,1,있음,3.0,3.0
강서구,강서양천교육지원청,고등학교,수명고등학교,서울특별시 강서구 수명로2길 15. 수명고등학교 (내발산동),37.5497618629354,126.824766247612,02  -2660-5500,http://sumyeong.sen.hs.kr,551,10.0,해당,있음,0,1,있음,0.0,3.0
강동구,강동송파교육지원청,고등학교,강동고등학교,서울특별시 강동구 구천면로 572(상일동),37.5499166487971,127.160668324892,02  -427 -0233,http://kangdong.hs.kr,741,13.7,미해당,있음,1,1,있음,16.0,1.0
양천구,강서양천교육지원청,고등학교,강서고등학교,서울특별시 양천구 목동중앙남로 27. 강서고등학교 (목동),37.5363155693554,126.865771125825,02  -2642-0725,https://gangseo.sen.hs.kr,943,13.1,미해당,있음,0,1,있음,17.0,0.0
광진구,성동광진교육지원청,고등학교,건국대학교사범대학부속고등학교,서울특별시 광진구 능동로 120. 건국대학교사범대학부속고등학교 (화양동),37.539182674872,127.074711902268,02  -446 -9046,https://konkuk.sen.hs.kr/,972,12.8,해당,있음,1,1,있음,78.0,0.0
마포구,서부교육지원청,고등학교,광성고등학교,서울특별시 마포구 신수로8길 20(신수동),37.5486975552073,126.935969575594,02  -703 -3457,http://kwangsung.sen.hs.kr,740,11.2,미해당,있음,1,1,있음,8.0,3.0
금천구,남부교육지원청,고등학교,문일고등학교,서울특별시 금천구 시흥대로47길 45(시흥동),37.4489152569278,126.898720653088,02  -802 -2301,http://moonil.sen.hs.kr,714,10.3,해당,있음,1,1,있음,20.0,2.0
강동구,강동송파교육지원청,고등학교,배재고등학교,서울특별시 강동구 고덕로 227(고덕동.배재중 고등학교),37.5550559824557,127.150160525237,02  -428 -1885,http://www.paichai.hs.kr,1293,15.4,미해당,있음,0,1,있음,15.0,3.0
송파구,강동송파교육지원청,고등학교,덕수고등학교,서울특별시 송파구 위례북로 10(거여동. 덕수고등학교),37.4855916213524,127.1470595726,02  -6952-2801,https://duksoo.sen.hs.kr/,864,10.8,해당,있음,1,1,있음,0.0,4.0
도봉구,북부교육지원청,고등학교,선덕고등학교,서울특별시 도봉구 시루봉로 53.  선덕고등학교 (쌍문동),37.6562750160952,127.026703057445,02  -998 -0927,http://sunduck.sen.hs.kr,1113,14.6,미해당,있음,1,1,있음,101.0,0.0
구로구,남부교육지원청,고등학교,우신고등학교,서울특별시 구로구 부일로 917. 우신고등학교 (궁동),37.4949023087281,126.826353599765,02  -2610-1556,http://wooshin.sen.hs.kr,741,12.1,미해당,있음,1,1,있음,19.0,3.0
서대문구,서부교육지원청,고등학교,인창고등학교,서울특별시 서대문구 경기대로 65. 인창고등학교 (충정로2가),37.564885131451,126.964023197643,02  -360 -3708,http://inchang.sen.hs.kr,362,7.9,미해당,있음,1,1,있음,8.0,1.0
강남구,강남서초교육지원청,고등학교,중산고등학교,서울특별시 강남구 일원로14길 22. 중산고등학교(일원동),37.4857429318866,127.0814284922,02  -2112-9000,http://www.jungsan.hs.kr,933,12.8,미해당,있음,1,1,있음,2.0,2.0
강서구,강서양천교육지원청,고등학교,한광고등학교,서울특별시 강서구 등촌로13길 110(화곡동),37.5388437129063,126.857939342826,070 -7458-1003,http://hankwang.sen.hs.kr,270,9.3,미해당,있음,1,1,있음,0.0,0.0
강서구,강서양천교육지원청,고등학교,경복여자고등학교,서울특별시 강서구 화곡로63길 40. 경복여자고등학교 (등촌동),37.5578218303652,126.850595718037,02  -3661-1741,http://kb.sen.hs.kr,615,11.6,미해당,있음,1,2,있음,2.0,0.0
은평구,서부교육지원청,고등학교,선일여자고등학교,서울특별시 은평구 갈현로29길 27(갈현동),37.6203042094228,126.911993073275,02  -355 -9994,http://sunil.sen.hs.kr,619,9.5,해당,없음,0,1,있음,4.0,2.0
용산구,중부교육지원청,고등학교,신광여자고등학교,서울특별시 용산구 청파로 263. 신광여자고등학교 (청파동3가),37.5428998795519,126.969447523164,02  -710 -6940,http://shinkwang.sen.hs.kr,256,6.2,미해당,있음,1,1,있음,2.0,0.0
송파구,강동송파교육지원청,고등학교,영파여자고등학교,서울특별시 송파구 올림픽로 565. 영파여자고등학교 (풍납동.영파여자고등학교),37.5327371486645,127.119740221132,02  -483 -8881,http://youngpa.sen.hs.kr,801,11.3,미해당,있음,0,1,있음,0.0,0.0
도봉구,북부교육지원청,고등학교,정의여자고등학교,서울특별시 도봉구 노해로49길 69(쌍문동),37.6533558400471,127.032427255133,02  -3499-4812,http://jeongeui.hs.kr,589,9.1,미해당,있음,1,1,있음,10.0,0.0
강북구,성북강북교육지원청,고등학교,창문여자고등학교,서울특별시 강북구 월계로 61. 창문여자고등학교 (미아동),37.6134009168268,127.035828005248,02  -986 -1701,http://changmun.sen.hs.kr,895,12.8,해당,있음,0,1,있음,2.0,0.0
금천구,남부교육지원청,고등학교,국립전통예술고등학교,서울특별시 금천구 시흥대로38길 62(시흥동),37.4463710473917,126.906462134788,02  -896 -1094,http://kugak-am.sen.hs.kr,508,9.8,미해당,있음,1,1,있음,0.0,107.0
광진구,성동광진교육지원청,고등학교,선화예술고등학교,서울특별시 광진구 천호대로 664(능동),37.5509798002896,127.087095159462,02  -2204-1380,http://www.sunhwa.org,1082,24.6,미해당,없음,0,1,있음,234.0,0.0
광진구,성동광진교육지원청,고등학교,대원외국어고등학교,서울특별시 광진구 용마산로22길 26. 대원외국어고등학교 (중곡동),37.5624502219725,127.089376716312,02  -2204-1527,http://www.dwfl.hs.kr/,763,12.7,미해당,있음,0,1,있음,52.0,4.0
강서구,강서양천교육지원청,고등학교,명덕외국어고등학교,서울특별시 강서구 강서로47길 34-10. 명덕외국어고등학교 (내발산동.명덕여자고등학교),37.5538694849081,126.8339773378,02  -2665-8821,http://www.mdfh.or.kr,729,11.8,미해당,없음,0,1,있음,14.0,4.0
강남구,강남서초교육지원청,고등학교,서울로봇고등학교,서울특별시 강남구 광평로20길 63. 서울로봇고등학교 (일원동),37.480741415643,127.084154946756,02  -2226-2141,http://srobot.sen.hs.kr,381,5.0,미해당,있음,1,2,있음,9.0,4.0
중구,중부교육지원청,고등학교,성동공업고등학교,서울특별시 중구 다산로 290(흥인동),37.5693631529572,127.017281730243,070 -8685-7620,http://sdth.sen.hs.kr,414,5.8,해당,있음,1,1,있음,22.0,4.0
영등포구,남부교육지원청,고등학교,한강미디어고등학교,서울특별시 영등포구 선유로55길 22(양평동4가.한강미디어고등학교),37.5393010496265,126.897109034358,070 -8852-1440,https://hm.sen.hs.kr,466,6.9,해당,있음,0,1,있음,16.0,1.0
마포구,서부교육지원청,고등학교,서울디자인고등학교,서울특별시 마포구 백범로 139서울디자인고등학교,37.5466750773343,126.948479002412,02  -715 -2261,http://seodi.sen.hs.kr,763,6.4,해당,있음,1,2,있음,18.0,0.0
노원구,북부교육지원청,고등학교,서울아이티고등학교,서울특별시 노원구 섬밭로 299(중계동.서울아이티고등학교),37.6424184430399,127.06244927375,02  -948 -1901,http://seoulit.sen.hs.kr,445,6.0,해당,있음,1,1,있음,8.0,0.0
관악구,동작관악교육지원청,고등학교,광신방송예술고등학교,서울특별시 관악구 광신길 141(신림동. 광신방송예술고등학교),37.4644762024804,126.925940565455,02  -881 -8510,http://ksmedia.sen.hs.kr,320,7.6,미해당,있음,1,1,있음,1.0,14.0
동대문구,동부교육지원청,고등학교,해성국제컨벤션고등학교,서울특별시 동대문구 전농로20길 31. 해성국제컨벤션고등학교 (전농동),37.5818725994505,127.056976879173,070 -8786-1376,http://haesung.sen.hs.kr,259,6.0,해당,있음,1,1,있음,14.0,1.0
마포구,서부교육지원청,고등학교,홍익디자인고등학교,서울특별시 마포구 성미산로 111(연남동),37.563510635781,126.919166278819,02  -3140-1256,http://hid.sen.hs.kr,289,8.3,미해당,없음,0,1,있음,5.0,7.0
은평구,서부교육지원청,고등학교,선정국제관광고등학교,서울특별시 은평구 서오릉로20길 19. 선정국제관광고등학교 (갈현동),37.6187045126614,126.909031611714,02  -3156-1638,http://sjt.sen.hs.kr,215,6.0,해당,있음,1,1,있음,1.0,5.0
마포구,서부교육지원청,중학교,아현산업정보학교,서울특별시 마포구 마포대로 249(아현동. 아현산업정보학교),37.557026368803,126.958022776892,02  -390 -5803,http://ahyeon.sen.sc.kr,0,0.0,미해당,있음,1,1,있음,1.0,4.0
종로구,중부교육지원청,중학교,서울다솜관광고등학교,서울특별시 종로구 종로58길 30(숭인동),37.5721095475785,127.01741265638,02  -6743-0504,http://sds.sen.hs.kr,110,6.5,미해당,있음,0,1,있음,1.0,4.0
종로구,중부교육지원청,중학교,오디세이학교,서울특별시 종로구 종로58길 30(숭인동),37.5721095475785,127.01741265638,02  -2256-4120,http://odyssey.hs.kr,0,0.0,미해당,있음,0,0,있음,1.0,4.0
중랑구,동부교육지원청,중학교,동원중학교,서울특별시 중랑구 양원역로 32(망우동. 동원중학교),37.6038226403943,127.109498124672,02  -493 -8129,http://dongwon.sen.ms.kr,485,12.4,해당,있음,1,1,있음,8.0,4.0
중랑구,동부교육지원청,중학교,장안중학교,서울특별시 중랑구 동일로 780. 장안중학교 (중화동),37.6005073021727,127.081376524078,02  -6930-3300,http://jangan70.sen.ms.kr,445,10.6,해당,있음,1,1,있음,7.0,7.0
동대문구,동부교육지원청,중학교,숭인중학교,서울특별시 동대문구 천호대로47길 34(답십리동. 숭인중학교),37.5738482581785,127.043896480723,02  -2215-0176,http://soongin.sen.ms.kr,385,10.7,해당,있음,0,1,있음,7.0,3.0
중랑구,동부교육지원청,중학교,상봉중학교,서울특별시 중랑구 상봉중앙로8나길 28(상봉동),37.601527985138,127.090124645592,070 -4445-5525,https://sangbong.sen.ms.kr,652,12.1,해당,있음,1,1,있음,2.0,3.0
동대문구,동부교육지원청,중학교,동국대학교사범대학부속중학교,서울특별시 동대문구 장안벚꽃로 201(장안동),37.5780471818476,127.075133018965,02  -6716-1700,http://dongguk.sen.ms.kr,535,12.7,해당,있음,1,1,있음,2.0,7.0
은평구,서부교육지원청,중학교,연신중학교,서울특별시 은평구 연서로33길 16-32(연신중학교. 불광동),37.62353926398,126.924287913377,02  -383 -7831,http://yonsin.sen.ms.kr,362,10.3,해당,있음,1,1,있음,4.0,4.0
서대문구,서부교육지원청,중학교,연희중학교,서울특별시 서대문구 증가로 170(남가좌동),37.5795872821657,126.918791837695,02  -372 -2992,https://yonhi.sen.ms.kr,788,12.5,해당,있음,1,2,있음,0.0,4.0
서대문구,서부교육지원청,중학교,인왕중학교,서울특별시 서대문구 세검정로4길. 69 (홍제동),37.5927225609737,126.951779287049,02  -396 -5406,http://inwang.sen.ms.kr,365,10.1,해당,있음,1,2,있음,2.0,8.0
은평구,서부교육지원청,중학교,선정중학교,서울특별시 은평구 서오릉로20길 19. 선정중학교 (갈현동),37.6187045126614,126.909031611714,02  -3156-1422,http://www.sunjung.ms.kr,539,11.0,해당,있음,1,1,있음,4.0,1.0
은평구,서부교육지원청,중학교,예일여자중학교,서울특별시 은평구 연서로 117(구산동),37.6109458980893,126.914792838283,02  -380 -0984,http://yale.sen.ms.kr,603,13.7,해당,있음,0,1,있음,0.0,2.0
서대문구,서부교육지원청,중학교,중앙여자중학교,서울특별시 서대문구 북아현로11가길 7(북아현동. 중앙여자중학교),37.5631767195176,126.954059321222,02  -362 -3063,http://jungang1940.sen.ms.kr,269,9.3,해당,있음,0,1,있음,3.0,3.0
구로구,남부교육지원청,중학교,개웅중학교,서울특별시 구로구 개봉로11길 81. 개웅중학교 (개봉동.개웅중학교),37.48752689616,126.851071080046,02  -2688-0907,http://kaewoong.sen.ms.kr,450,11.8,해당,있음,1,2,있음,1.0,3.0
영등포구,남부교육지원청,중학교,대림중학교,서울특별시 영등포구 시흥대로185길 6(대림동.대림중학교),37.4921386164499,126.906943001077,02  -845 -2171,http://daerim.sen.ms.kr,454,11.1,해당,있음,1,1,있음,8.0,2.0
구로구,남부교육지원청,중학교,영림중학교,서울특별시 구로구 가마산로27길 17. 영림중학교 (구로동),37.4972281131318,126.89071786561,02  -859 -0320,http://younglim.sen.ms.kr,522,11.9,해당,있음,1,1,있음,0.0,7.0
금천구,남부교육지원청,중학교,한울중학교,서울특별시 금천구 독산로50길 60한울중학교,37.4624053084957,126.907170322675,02  -856 -4941,https://hanwool.sen.ms.kr,509,11.3,해당,있음,1,1,있음,0.0,4.0
노원구,북부교육지원청,중학교,공릉중학교,서울특별시 노원구 노원로1길 42(공릉동.공릉중학교),37.6221359473952,127.083501333421,02  -971 -5212,http://kongrung.sen.ms.kr,691,11.3,해당,있음,2,1,있음,1.0,6.0
노원구,북부교육지원청,중학교,중원중학교,서울특별시 노원구 공릉로 420(중계동.중원중학교),37.644238678695,127.068029512763,02  -971 -2788,https://joongwon.sen.ms.kr,344,10.8,해당,있음,1,1,있음,1.0,0.0
노원구,북부교육지원청,중학교,하계중학교,서울특별시 노원구 노원로 261-8(하계동),37.6413699077314,127.072333564792,02  -3399-0247,http://hagye.sen.ms.kr,647,12.9,해당,있음,1,1,있음,0.0,4.0
노원구,북부교육지원청,중학교,상계제일중학교,서울특별시 노원구 덕릉로86길 29-15. 상계제일중학교 (중계동),37.6610756041689,127.078078515184,02  -930 -3543,http://sanggyejeil.sen.ms.kr,488,12.2,해당,있음,1,1,있음,0.0,6.0
중구,중부교육지원청,중학교,덕수중학교,서울특별시 중구 마른내로9길 10(인현동2가. 덕수중학교),37.5655795665775,126.996997330546,02  -2265-9077,http://ducksu.sen.ms.kr,241,8.6,해당,있음,1,1,있음,3.0,3.0
중구,중부교육지원청,중학교,장원중학교,서울특별시 중구 동호로15길 93-34(신당동),37.5539645178112,127.006042884936,02  -2238-1181,http://jangwon.sen.ms.kr,202,8.1,해당,있음,1,1,있음,1.0,1.0
중구,중부교육지원청,중학교,창덕여자중학교,서울특별시 중구 정동길 22. 창덕여자중학교 (정동),37.5664327974417,126.96921017611,02  -2125-8000,http://cd.sen.ms.kr,175,7.0,해당,있음,0,1,있음,2.0,5.0
종로구,중부교육지원청,중학교,덕성여자중학교,서울특별시 종로구 율곡로3길 49(송현동),37.5777859821946,126.981909156246,02  -733 -4807,http://duksung.sen.ms.kr,154,5.3,해당,있음,0,1,있음,3.0,2.0
용산구,중부교육지원청,중학교,신광여자중학교,서울특별시 용산구 청파로 263(청파동3가),37.5428998795519,126.969447523164,02  -710 -6990,http://shinkwang.sen.ms.kr,242,9.7,해당,있음,0,1,있음,0.0,0.0
송파구,강동송파교육지원청,중학교,석촌중학교,서울특별시 송파구 송이로15길 13(가락동),37.5014549929626,127.121117352937,02  -448 -4031,http://seokchon.sen.ms.kr,306,10.2,해당,있음,0,1,있음,0.0,1.0
강동구,강동송파교육지원청,중학교,성내중학교,서울특별시 강동구 성안로7길 36(성내동.성내중학교),37.5290619074653,127.129117291814,02  -480 -1600,http://seongnae.sen.ms.kr,522,11.9,해당,있음,1,1,있음,0.0,1.0
송파구,강동송파교육지원청,중학교,송파중학교,서울특별시 송파구 동남로 203(가락동. 송파중학교),37.4959246234885,127.129932432189,02  -402 -0118,http://songpa.sen.ms.kr,885,13.4,해당,있음,0,2,있음,0.0,8.0
송파구,강동송파교육지원청,중학교,신천중학교,서울특별시 송파구 백제고분로 11. 신천중학교 (잠실동),37.5162500127349,127.079283389854,02  -422 -3946,http://scm.sen.ms.kr,1082,14.8,미해당,있음,0,1,있음,0.0,3.0
강동구,강동송파교육지원청,중학교,천일중학교,서울특별시 강동구 천중로 57(천호동.천일중학교),37.5458447527249,127.128196604109,02  -470 -3542,http://cheonil.sen.ms.kr,483,11.5,해당,있음,0,1,있음,0.0,8.0
송파구,강동송파교육지원청,중학교,문현중학교,서울특별시 송파구 충민로 99(장지동. 문현중학교),37.4805587972062,127.128244061598,02  -407 -4095,http://munhyeon.sen.ms.kr,532,12.7,해당,있음,0,1,있음,0.0,5.0
강동구,강동송파교육지원청,중학교,강동중학교,서울특별시 강동구 풍산로 237. 강동중학교 (강일동),37.5696502492074,127.177836046342,02  -481 -1502,http://gang-dong.sen.ms.kr,541,10.8,해당,있음,2,2,있음,5.0,6.0
송파구,강동송파교육지원청,중학교,보인중학교,서울특별시 송파구 오금로49길 18. 보인중학교 (오금동),37.4975692004431,127.139517839227,02  -449 -6017,http://boin.ms.kr,519,12.1,해당,있음,0,1,있음,14.0,4.0
송파구,강동송파교육지원청,중학교,정신여자중학교,서울특별시 송파구 올림픽로4길 16. 정신여자중학교 (잠실동),37.5094538398143,127.073847329188,02  -423 -2776,http://www.chungshin.net,1050,14.2,해당,있음,1,1,있음,0.0,6.0
양천구,강서양천교육지원청,중학교,신남중학교,서울특별시 양천구 중앙로29길 109(신월동.신남중학교),37.520773887801,126.847826214409,02  -2602-7353,http://shinnam.sen.ms.kr,577,10.5,해당,있음,1,2,있음,2.0,5.0
강서구,강서양천교육지원청,중학교,등촌중학교,서울특별시 강서구 공항대로 484-12(등촌동.등촌중학교),37.5524822120704,126.859214787423,02  -2653-0392,http://deungchon.sen.ms.kr,405,12.7,해당,있음,0,1,있음,0.0,8.0
서초구,강남서초교육지원청,중학교,언남중학교,서울특별시 서초구 동산로 55(양재동.언남중학교),37.4723026220168,127.043757102066,02  -577 -3038,http://eonnam.sen.ms.kr,347,9.9,해당,있음,1,1,있음,0.0,0.0
서초구,강남서초교육지원청,중학교,동덕여자중학교,서울특별시 서초구 효령로2길 123-5. 동덕여자중고등학교 (방배동),37.4758460567445,126.992615816174,02  -586 -5417,http://dongduk.sen.ms.kr,411,9.1,해당,있음,1,1,있음,2.0,5.0
동작구,동작관악교육지원청,중학교,문창중학교,서울특별시 동작구 여의대방로22나길 40(신대방동),37.4958609410012,126.922405470441,02  -821 -2359,http://munchang.sen.ms.kr,377,11.4,해당,있음,0,1,있음,0.0,5.0
동작구,동작관악교육지원청,중학교,중앙대학교사범대학부속중학교,서울특별시 동작구 서달로 124(흑석동),37.503629418993,126.961732578732,02  -827 -9103,http://www.cau.ms.kr,654,13.9,해당,있음,1,1,있음,4.0,7.0
성동구,성동광진교육지원청,중학교,무학중학교,서울특별시 성동구 행당로 120(행당동),37.557701190017,127.031992242352,02  -2298-6141,http://muhak.sen.ms.kr,771,12.0,해당,있음,1,1,있음,1.0,5.0
성북구,성북강북교육지원청,중학교,장위중학교,서울특별시 성북구 장위로4길 70(장위동.장위중학교),37.6112817727174,127.040874553779,02  -941 -1672,http://jangwi.sen.ms.kr,596,11.9,해당,있음,1,2,있음,4.0,1.0
강북구,성북강북교육지원청,중학교,삼각산중학교,서울특별시 강북구 삼양로19길 141. 삼각산중학교 (미아동),37.6160412359101,127.014342650437,02  -6387-7031,http://samgaksan.sen.ms.kr,975,14.8,해당,있음,1,1,있음,5.0,11.0
강북구,성북강북교육지원청,중학교,창문여자중학교,서울특별시 강북구 월계로 61(송중동. 창문여자중고등학교),37.6134009168268,127.035828005248,02  -986 -1703,http://changmun.sen.ms.kr,496,13.4,해당,있음,0,1,있음,5.0,2.0
강북구,성북강북교육지원청,중학교,영훈국제중학교,서울특별시 강북구 도봉로13가길 19(미아동.학교법인꿈이있는미래),37.6146818749027,127.02809331872,02  -970 -4700,http://www.younghoon.ms.kr,497,14.6,미해당,있음,0,1,있음,12.0,0.0
성북구,성북강북교육지원청,고등학교,서울대학교사범대학부설고등학교,서울특별시 성북구 월곡로 6(종암동),37.5947007712696,127.038143027214,02  -913 -7305,https://snu.sen.hs.kr/,696,9.5,미해당,있음,0,1,있음,3.0,1.0
종로구,중부교육지원청,고등학교,경복고등학교,서울특별시 종로구 자하문로28가길 9. 경복고등학교 (청운동.경복고등학교),37.585945671102,126.971510913077,02  -397 -5230,http://kyungbock.sen.hs.kr,557,8.7,미해당,있음,1,1,있음,0.0,0.0
광진구,성동광진교육지원청,고등학교,광남고등학교,서울특별시 광진구 아차산로70길 17-16. 광남고등학교 (광장동. 광남고등학교),37.541514723184,127.101213923003,02  -2204-8737,http://gwang-nam.sen.hs.kr,972,10.5,미해당,있음,0,3,있음,0.0,4.0
광진구,성동광진교육지원청,고등학교,광양고등학교,서울특별시 광진구 자양로3가길 31(자양동),37.529378916523,127.085182284683,02  -446 -1436,http://gwangyang.sen.hs.kr,457,9.3,미해당,있음,1,1,있음,0.0,0.0
동작구,동작관악교육지원청,고등학교,동작고등학교,서울특별시 동작구 솔밭로 51(사당동.동작고등학교(복합정보센타)),37.4826019423842,126.965086250636,02  -588 -4196,http://dongjak.sen.hs.kr,744,10.8,해당,있음,1,1,있음,0.0,5.0
강동구,강동송파교육지원청,고등학교,둔촌고등학교,서울특별시 강동구 명일로 140(둔촌동.둔촌고등학교),37.531432583881,127.143808707936,02  -480 -2404,https://doonchon.sen.hs.kr/,708,11.1,미해당,있음,2,1,있음,2.0,0.0
노원구,북부교육지원청,고등학교,상계고등학교,서울특별시 노원구 노해로 432(상계동. 상계고등학교),37.652724684304,127.055453430868,02  -6477-0700,http://sanggye.sen.hs.kr,668,10.4,미해당,있음,0,1,있음,1.0,0.0
동작구,동작관악교육지원청,고등학교,영등포고등학교,서울특별시 동작구 등용로8길 5-13(대방동),37.5090576753588,126.93473352703,02  -816 -8323,http://ydp.sen.hs.kr,510,9.4,미해당,있음,1,1,있음,0.0,0.0
광진구,성동광진교육지원청,고등학교,자양고등학교,서울특별시 광진구 뚝섬로37길 28(자양동.자양고등학교),37.536077967735,127.073339535384,02  -2049-4100,http://jayang.sen.hs.kr,877,11.5,미해당,있음,1,1,있음,0.0,2.0
영등포구,남부교육지원청,고등학교,여의도여자고등학교,서울특별시 영등포구 국제금융로7가길 13. 여의도여자고등학교 (여의도동),37.5229539211231,126.934857399184,02  -3780-4400,http://yeouido-gh.sen.hs.kr,501,9.3,미해당,있음,2,1,있음,0.0,0.0
도봉구,북부교육지원청,고등학교,자운고등학교,서울특별시 도봉구 노해로69길 150(창동),37.6590464061269,127.050690661699,02  -998 -2929,http://jawoon.sen.hs.kr,745,11.5,해당,있음,0,2,있음,2.0,3.0
노원구,북부교육지원청,고등학교,불암고등학교,서울특별시 노원구 중계로 155(중계동),37.6491585296421,127.080305829512,02  -936 -7500,http://buram.sen.hs.kr,746,10.8,미해당,있음,0,1,있음,1.0,0.0
구로구,남부교육지원청,고등학교,신도림고등학교,서울특별시 구로구 경인로67길 159(신도림동.신도림고등학교),37.5140629233737,126.88208378322,02  -2068-7979,https://shindorim.sen.hs.kr/,563,9.4,미해당,있음,1,1,있음,0.0,2.0
광진구,성동광진교육지원청,고등학교,대원고등학교,서울특별시 광진구 용마산로22길 26. 대원고등학교 (중곡동),37.5624502219725,127.089376716312,02  -2204-1568,http://daewon.sen.hs.kr,637,11.6,해당,있음,1,1,있음,21.0,1.0
동대문구,동부교육지원청,고등학교,동국대학교사범대학부속고등학교,서울특별시 동대문구 장안벚꽃로 201(장안동.동국대학교사범대학부속고등학교),37.5780471818476,127.075133018965,02  -6913-1578,http://ddbk.sen.hs.kr,967,13.4,미해당,있음,1,1,있음,6.0,2.0
강동구,강동송파교육지원청,고등학교,동북고등학교,서울특별시 강동구 강동대로 305(둔촌동),37.5202406144077,127.139450654266,02  -477 -2280,http://dongbuk.sen.hs.kr,795,10.9,미해당,없음,0,1,있음,5.0,1.0
관악구,동작관악교육지원청,고등학교,성보고등학교,서울특별시 관악구 남부순환로156길 39(신림동.성보고등학교),37.4807283676946,126.920957326353,02  -2087-3061,http://sungbo.sen.hs.kr,597,11.1,미해당,있음,1,1,있음,14.0,5.0
중랑구,동부교육지원청,고등학교,송곡고등학교,서울특별시 중랑구 양원역로 50(망우동),37.6058454355439,127.106463734951,02  -435 -0660,https://sg.sen.hs.kr/,671,11.6,해당,있음,0,1,있음,11.0,3.0
마포구,서부교육지원청,고등학교,숭문고등학교,서울특별시 마포구 숭문길 99(숭문중고등학교. 대흥동),37.5508909515504,126.945886852057,02  -715 -4461,http://soongmoon.sen.hs.kr,587,11.5,미해당,있음,0,1,있음,5.0,3.0
성북구,성북강북교육지원청,고등학교,용문고등학교,서울특별시 성북구 고려대로17가길 46(안암동2가. 용문중고등학교),37.5886903262008,127.024660795253,02  -928 -3871,http://yongmoon.sen.hs.kr,799,11.8,미해당,있음,1,1,있음,4.0,1.0
강남구,강남서초교육지원청,고등학교,중동고등학교,서울특별시 강남구 일원로 7. 중동고등학교 (일원동),37.4937134106081,127.080660058176,02  -2040-2590,http://www.joongdong.hs.kr,1100,14.1,미해당,있음,0,1,있음,0.0,2.0
강남구,강남서초교육지원청,고등학교,중앙대학교사범대학부속고등학교,서울특별시 강남구 선릉로 207. 중앙대학교사범대학부속고등학교 (도곡동),37.4918425685769,127.05169012944,02  -579 -4005,http://cau.sen.hs.kr,1011,12.5,미해당,있음,1,1,있음,0.0,0.0
서대문구,서부교육지원청,고등학교,한성고등학교,서울특별시 서대문구 북아현로1길 24(북아현동),37.559096439531,126.954456481223,02  -363 -4943,http://hanseong.sen.hs.kr,348,8.1,미해당,있음,1,1,있음,15.0,0.0
용산구,중부교육지원청,고등학교,보성여자고등학교,서울특별시 용산구 신흥로3가길 66. 보성여자고등학교 (용산동2가),37.5430815444968,126.984284175086,02  -6328-9686,http://bosung.sen.hs.kr,350,8.0,미해당,있음,0,2,있음,9.0,0.0
서초구,강남서초교육지원청,고등학교,서문여자고등학교,서울특별시 서초구 동광로12길 84(방배동). 서문여자고등학교 (방배동. 서문여자중고등학교),37.4889197255873,126.984545759343,02  -591 -4581,http://suhmoon.sen.hs.kr,874,11.4,미해당,있음,1,1,있음,5.0,0.0
은평구,서부교육지원청,고등학교,예일여자고등학교,서울특별시 은평구 연서로 117. 예일여자고등학교 (구산동),37.6109458980893,126.914792838283,02  -380 -0812,https://yale.hs.kr,816,10.7,해당,있음,1,1,있음,23.0,0.0
성북구,성북강북교육지원청,고등학교,한성여자고등학교,서울특별시 성북구 삼선교로16길 117. 한성여자고등학교 (삼선동2가),37.583064896247,127.011742675693,02  -742 -2845,http://www.hansung-g.hs.kr,511,9.6,미해당,있음,1,1,있음,5.0,1.0
강남구,강남서초교육지원청,고등학교,국립국악고등학교,서울특별시 강남구 개포로22길 65(개포동. 국악고등학교),37.4762397420077,127.051213825746,02  -3460-0500,http://gugak.sen.hs.kr,425,8.7,미해당,있음,1,0,있음,60.0,147.0
성북구,성북강북교육지원청,고등학교,대일외국어고등학교,서울특별시 성북구 서경로 116대일외국어고등학교 (정릉동),37.6133045933527,127.014175970968,02  -940 -1000,http://www.daeil.or.kr,720,11.3,미해당,없음,0,1,있음,38.0,1.0
중구,중부교육지원청,고등학교,이화여자외국어고등학교,서울특별시 중구 통일로4길 30(순화동),37.5655773233848,126.969641663889,02  -2176-1992,http://www.ewha-gfh.hs.kr,391,10.6,미해당,없음,0,1,있음,11.0,6.0
서초구,강남서초교육지원청,고등학교,서울웹툰애니메이션고등학교,서울특별시 서초구 과천대로 852-23(방배동),37.4694909673089,126.988245947982,02  -6011-4100,https://swas.sen.hs.kr,186,5.6,미해당,있음,0,1,있음,4.0,1.0
중구,중부교육지원청,고등학교,리라아트고등학교,서울특별시 중구 소파로2길 24(예장동),37.557134425502,126.988223480664,02  -775 -6546,http://www.lila.hs.kr,357,7.3,해당,있음,0,1,있음,12.0,0.0
강남구,강남서초교육지원청,고등학교,수도전기공업고등학교,서울특별시 강남구 개포로 410. 수도전기공업고등학교 (개포동),37.4849375350333,127.064478665219,02  -524 -9913,http://sudo.sen.hs.kr,536,5.9,미해당,있음,1,1,있음,28.0,10.0
마포구,서부교육지원청,고등학교,한세사이버보안고등학교,서울특별시 마포구 마포대로11길 44-80(아현동),37.5517396875369,126.952136379582,02  -362 -0134,http://hansei.sen.hs.kr,177,6.1,미해당,있음,0,1,있음,6.0,1.0
성북구,성북강북교육지원청,고등학교,서울동구고등학교,서울특별시 성북구 성북로8길 71. 서울동구고등학교 (성북동),37.5941065881018,127.008215538987,02  -2170-8683,http://donggoo.sen.hs.kr,380,6.7,미해당,있음,1,1,있음,1.0,8.0
은평구,서부교육지원청,고등학교,선일빅데이터고등학교,서울특별시 은평구 갈현로29길 27. 선일빅데이터고등학교 (갈현동),37.6203042094228,126.911993073275,02  -352 -8025,https://bigdate.sen.hs.kr,290,5.4,미해당,있음,1,1,있음,1.0,0.0
성북구,성북강북교육지원청,고등학교,고명외식고등학교,서울특별시 성북구 북악산로 870(돈암동),37.597674141541,127.019187491701,02  -928 -8366,http://komyung.sen.hs.kr,448,8.6,해당,있음,0,1,있음,3.0,8.0
종로구,중부교육지원청,고등학교,대동세무고등학교,서울특별시 종로구 계동길 84-10(계동),37.5815827310558,126.987951316186,070 -8685-5706,http://daedong.sen.hs.kr,447,8.0,미해당,있음,1,1,있음,17.0,4.0
은평구,서부교육지원청,중학교,은평문화예술정보학교,서울특별시 은평구 가좌로 208. 은평문화예술정보학교 (응암동. 은평문화예술정보학교),37.5895224059645,126.919265533812,02  -3152-5700,https://ep.sen.sc.kr,0,0.0,미해당,있음,0,1,있음,1.0,4.0
중랑구,동부교육지원청,중학교,면목중학교,서울특별시 중랑구 용마산로70길 37. 면목중학교 (면목동),37.5830114568556,127.096589314058,02  -437 -0292,http://myonmok.sen.ms.kr,465,13.3,해당,있음,0,1,있음,7.0,8.0
중랑구,동부교육지원청,중학교,중랑중학교,서울특별시 중랑구 동일로140길 33. 중랑중학교 (중화동),37.6053543032855,127.080801743129,02  -437 -5312,http://joongrang.sen.ms.kr,394,12.3,해당,있음,1,1,있음,10.0,6.0
중랑구,동부교육지원청,중학교,태릉중학교,서울특별시 중랑구 공릉로2길 60-25(묵동),37.6125319131001,127.083435549639,02  -973 -5551,http://taereung.sen.ms.kr,362,11.0,해당,있음,2,1,있음,6.0,8.0
은평구,서부교육지원청,중학교,상신중학교,서울특별시 은평구 증산로15길 61(신사동. 상신중학교),37.5897854748773,126.906424934661,02  -305 -5139,http://sangsin.sen.ms.kr,370,11.2,해당,있음,0,1,있음,2.0,4.0
마포구,서부교육지원청,중학교,성산중학교,서울특별시 마포구 성지1길 32-13(합정동),37.5473163695853,126.916562846457,02  -332 -0306,http://sungsan.sen.ms.kr,430,10.8,해당,있음,0,1,있음,8.0,6.0
마포구,서부교육지원청,중학교,서울여자중학교,서울특별시 마포구 백범로25길 34. 서울여자중학교 (염리동),37.5478000312208,126.94902525222,02  -716 -5041,https://seoul.sen.ms.kr,658,12.0,해당,있음,1,1,있음,1.0,6.0
은평구,서부교육지원청,중학교,진관중학교,서울특별시 은평구 진관4로 36(진관동),37.6442556363265,126.925727657672,02  -383 -5378,http://jingwan.sen.ms.kr,1001,13.5,해당,있음,0,2,있음,0.0,12.0
서대문구,서부교육지원청,중학교,인창중학교,서울특별시 서대문구 경기대로 65. 인창중학교 (충정로2가. 인창중 ·고등학교),37.564885131451,126.964023197643,02  -300 -4500,https://ic.sen.ms.kr/,298,9.6,해당,있음,0,1,있음,0.0,3.0
영등포구,남부교육지원청,중학교,대영중학교,서울특별시 영등포구 도림로80가길 14(신길동.대영중학교),37.5034378363342,126.905208015838,02  -848 -7781,http://daeyoung.sen.ms.kr,633,12.4,해당,있음,1,1,있음,2.0,6.0
금천구,남부교육지원청,중학교,세일중학교,서울특별시 금천구 시흥대로147길 34(독산동),37.4745944107703,126.895368861106,02  -856 -0868,http://seil.sen.ms.kr,335,11.6,해당,있음,0,1,있음,0.0,2.0
금천구,남부교육지원청,중학교,시흥중학교,서울특별시 금천구 시흥대로38길 60. 시흥중학교 (시흥동),37.4462950730433,126.905082280209,02  -895 -2302,http://shiheung.sen.ms.kr,573,12.2,해당,있음,1,2,있음,0.0,6.0
구로구,남부교육지원청,중학교,신도림중학교,서울특별시 구로구 경인로63길 74. 신도림중학교 (신도림동),37.5107407265629,126.884807054238,02  -2676-1992,http://sindorim.sen.ms.kr,1041,14.3,해당,있음,0,1,있음,0.0,5.0
구로구,남부교육지원청,중학교,경인중학교,서울특별시 구로구 경인로 301. 경인중학교(개봉동. 경인중학교),37.4984656617815,126.853672529481,02  -2612-3471,http://kyeongin.sen.ms.kr,612,12.8,해당,있음,1,1,있음,3.0,8.0
금천구,남부교육지원청,중학교,동일중학교,서울특별시 금천구 탑골로10길 45(시흥동. 동일중학교),37.4519206711218,126.915824008297,070 -7703-8058,https://dongil.sen.ms.kr,510,12.4,해당,없음,0,1,있음,0.0,5.0
도봉구,북부교육지원청,중학교,노곡중학교,서울특별시 도봉구 노해로70길 95(창동.노곡중학교),37.6488025057469,127.053743652903,02  -996 -5232,http://nogok.sen.ms.kr,346,11.9,해당,있음,0,1,있음,0.0,3.0
도봉구,북부교육지원청,중학교,방학중학교,서울특별시 도봉구 시루봉로 188. 방학중학교 (방학동),37.6654512192487,127.030859014878,02  -956 -8343,http://banghak.sen.ms.kr,374,11.3,해당,있음,1,1,있음,0.0,2.0
노원구,북부교육지원청,중학교,상원중학교,서울특별시 노원구 수락산로 182(상계동),37.6717249831458,127.059783582989,02  -930 -0761,http://sangwon.sen.ms.kr,350,12.1,해당,있음,0,1,있음,0.0,4.0
노원구,북부교육지원청,중학교,신상중학교,서울특별시 노원구 동일로216길 42(상계동.신상중학교),37.6519030829222,127.063986916145,02  -932 -0595,http://sinsang.sen.ms.kr,279,9.0,해당,있음,0,1,있음,0.0,3.0
도봉구,북부교육지원청,중학교,창일중학교,서울특별시 도봉구 노해로66길 60(창동.창일중학교),37.6489885948239,127.046444592356,02  -994 -5934,http://changil.sen.ms.kr,603,13.1,해당,있음,1,1,있음,0.0,4.0
노원구,북부교육지원청,중학교,한천중학교,서울특별시 노원구 공릉로 265(공릉동. 한천중학교),37.6312721593711,127.072117818679,02  -948 -5554,http://hancheon.sen.ms.kr,525,12.2,해당,있음,0,1,있음,0.0,3.0
도봉구,북부교육지원청,중학교,신도봉중학교,서울특별시 도봉구 도봉로115길 16(쌍문동),37.6495947287047,127.03324806776,02  -992 -3462,http://sindobong.sen.ms.kr,431,11.6,해당,있음,0,1,있음,0.0,14.0
노원구,북부교육지원청,중학교,수락중학교,서울특별시 노원구 동일로 1729. 수락중학교 (상계동),37.6831446942923,127.054808336792,02  -2092-1900,http://surak.sen.ms.kr,354,10.4,해당,있음,0,1,있음,0.0,4.0
용산구,중부교육지원청,중학교,오산중학교,서울특별시 용산구 보광로7길 17(보광동.오산중학교),37.5235805097988,127.000887240982,02  -799 -9400,http://osan.sen.ms.kr,263,9.4,해당,있음,1,1,있음,0.0,3.0
종로구,중부교육지원청,중학교,상명대학교사범대학부속여자중학교,서울특별시 종로구 홍지문2길 20(홍지동),37.604108905882,126.955159496571,02  -6953-8670,http://sangmyung-agm.sen.ms.kr,233,9.3,미해당,있음,1,1,있음,5.0,4.0
송파구,강동송파교육지원청,중학교,가원중학교,서울특별시 송파구 중대로10길 40-18(가락동),37.4909683312292,127.122978948911,02  -409 -2179,http://gawon.sen.ms.kr,427,11.2,해당,있음,0,1,있음,0.0,3.0
송파구,강동송파교육지원청,중학교,아주중학교,서울특별시 송파구 올림픽로4길 69. 아주중학교 (잠실동),37.5052044945698,127.076298941322,02  -415 -1697,http://aju.sen.ms.kr,510,12.1,해당,있음,0,1,있음,1.0,1.0
송파구,강동송파교육지원청,중학교,풍성중학교,서울특별시 송파구 강동대로2길 27(풍납동. 풍성중학교),37.5252777887983,127.113130689958,02  -2224-7700,http://pungsung.sen.ms.kr,308,10.3,해당,있음,0,2,있음,0.0,2.0
강동구,강동송파교육지원청,중학교,한산중학교,서울특별시 강동구 풍성로 251(둔촌동. 한산중학교),37.5289027355132,127.140303398101,02  -474 -4903,http://hansan.sen.ms.kr,722,12.7,해당,있음,1,1,있음,0.0,3.0
송파구,강동송파교육지원청,중학교,송례중학교,서울특별시 송파구 위례순환로 429(장지동),37.4778330100686,127.13973449828,02  -2144-2800,http://songrye.sen.ms.kr,1216,12.4,미해당,있음,1,2,있음,2.0,5.0
강동구,강동송파교육지원청,중학교,강빛중학교,서울특별시 강동구 아리수로93다길 1(강일동) 강빛초중이음학교,37.5743433210453,127.170774922577,02  -6951-3964,http://gbm.sen.ms.kr,340,8.7,미해당,있음,2,1,있음,0.0,0.0
양천구,강서양천교육지원청,중학교,신월중학교,서울특별시 양천구 남부순환로29길 25. 신월중학교 (신월동),37.5404619448842,126.828389031623,02  -2601-4254,http://sinwol.sen.ms.kr,768,12.8,해당,있음,1,1,있음,0.0,7.0
양천구,강서양천교육지원청,중학교,월촌중학교,서울특별시 양천구 목동서로 31(목동.서울월촌중학교),37.5370651782493,126.88275880551,02  -2648-8570,http://wolchonnet.sen.ms.kr,1427,15.0,미해당,있음,0,3,있음,1.0,5.0
강서구,강서양천교육지원청,중학교,마포중학교,서울특별시 강서구 화곡로 403(등촌동),37.5600277060889,126.85286487714,02  -3663-2591,http://mapo.sen.ms.kr,408,11.3,해당,있음,1,1,있음,0.0,6.0
양천구,강서양천교육지원청,중학교,양정중학교,서울특별시 양천구 안양천로 1039(목동. 양정고등학교),37.5353922607054,126.887734285049,02  -2649-7077,http://.ycsc.sen.ms.kr,513,15.1,미해당,있음,0,1,있음,2.0,5.0
강남구,강남서초교육지원청,중학교,압구정중학교,서울특별시 강남구 압구정로 225. 압구정중학교 (압구정동.압구정중학교),37.5302422355471,127.033002687736,02  -543 -1393,http://apgujeong.sen.ms.kr,429,11.9,미해당,있음,2,1,있음,1.0,6.0
강남구,강남서초교육지원청,중학교,대청중학교,서울특별시 강남구 양재천로 321(대치동. 대청중학교),37.490348545788,127.058033515123,02  -553 -9830,http://daecheong.sen.ms.kr,1105,17.3,미해당,있음,1,1,있음,0.0,4.0
강남구,강남서초교육지원청,중학교,대치중학교,서울특별시 강남구 남부순환로378길 39(도곡동.대치중학교),37.4845775128634,127.047065232332,02  -572 -9781,http://daechi.sen.ms.kr,626,13.3,해당,있음,1,1,있음,0.0,8.0
서초구,강남서초교육지원청,중학교,서일중학교,서울특별시 서초구 서운로21길 2(서초동.서일중학교),37.4985298571843,127.023220688907,02  -3482-9663,http://seoil.sen.ms.kr,1047,14.5,해당,있음,2,2,있음,1.0,5.0
강남구,강남서초교육지원청,중학교,언주중학교,서울특별시 강남구 선릉로116길 57. 언주중학교,37.5146531581428,127.046683245003,02  -514 -7174,http://eonju.sen.ms.kr,969,14.5,해당,있음,1,2,있음,1.0,9.0
서초구,강남서초교육지원청,중학교,원촌중학교,서울특별시 서초구 사평대로45길 10(반포동.원촌중학교),37.5063251046839,127.014699724248,02  -3482-6053,http://wonchon.sen.ms.kr,1222,15.5,미해당,있음,0,2,있음,0.0,8.0
강남구,강남서초교육지원청,중학교,청담중학교,서울특별시 강남구 압구정로61길 36(청담동.청담중학교),37.5286597910311,127.044810120535,02  -511 -5151,http://cheongdam.sen.ms.kr,353,12.2,해당,있음,0,1,있음,1.0,3.0
강남구,강남서초교육지원청,중학교,휘문중학교,서울특별시 강남구 역삼로 541(대치동),37.5052894535671,127.061993880621,02  -500 -9700,http://whimoon.sen.ms.kr,827,18.0,미해당,있음,0,1,있음,1.0,8.0
관악구,동작관악교육지원청,중학교,관악중학교,서울특별시 관악구 남부순환로237길 60. 관악중학교 (봉천동),37.4812582784976,126.961912338875,02  -889 -1782,http://gwanak.sen.ms.kr,267,9.2,해당,있음,1,1,있음,0.0,2.0
관악구,동작관악교육지원청,중학교,신림중학교,서울특별시 관악구 신림로 40(신림동.신림중학교),37.4703273364656,126.946003990797,02  -882 -1929,http://shillim.sen.ms.kr,274,9.4,해당,있음,1,2,있음,0.0,1.0
동작구,동작관악교육지원청,중학교,영등포중학교,서울특별시 동작구 등용로8길 5. 영등포중학교 (대방동),37.5080854131193,126.933143709837,02  -815 -6572,http://yeongdeungpo.sen.ms.kr,231,7.2,해당,있음,2,1,있음,4.0,4.0
관악구,동작관악교육지원청,중학교,서울문영여자중학교,서울특별시 관악구 관악로 85. 서울문영여자중학교 (봉천동),37.4729045674501,126.950918062755,02  -871 -8921,http://smy.sen.ms.kr,199,7.1,해당,있음,2,1,있음,0.0,0.0
성동구,성동광진교육지원청,중학교,경수중학교,서울특별시 성동구 뚝섬로13길 14(성수동2가),37.5395090367488,127.059271203056,02  -464 -0675,http://gsu.sen.ms.kr,244,9.0,해당,있음,1,1,있음,0.0,0.0
광진구,성동광진교육지원청,중학교,광남중학교,서울특별시 광진구 아차산로70길 17-62. 광남중학교 (광장동),37.5408304051926,127.101643877784,02  -456 -8792,http://gwangnam.sen.ms.kr,1047,13.4,미해당,있음,1,2,있음,5.0,6.0
광진구,성동광진교육지원청,중학교,광양중학교,서울특별시 광진구 자양로3길 7(자양동),37.5308913414973,127.08616998675,02  -452 -6922,http://kwangyang.sen.ms.kr,401,13.4,해당,있음,0,1,있음,0.0,6.0
성동구,성동광진교육지원청,중학교,성수중학교,서울특별시 성동구 서울숲길 18(성수동1가. 성수중학교),37.5473418143935,127.038253431317,02  -463 -4786,http://seongsu.sen.ms.kr,151,6.9,해당,있음,0,1,있음,0.0,2.0
광진구,성동광진교육지원청,중학교,용곡중학교,서울특별시 광진구 용마산로22길 76(중곡동.용곡중학교),37.5658339893237,127.089275266763,02  -452 -2622,http://yonggok.sen.ms.kr/index.do,584,11.7,해당,있음,1,1,있음,2.0,8.0
광진구,성동광진교육지원청,중학교,대원국제중학교,서울특별시 광진구 용마산로22길 26. 대원국제중학교 (중곡동),37.5624502219725,127.089376716312,02  -2204-1596,http://daewon.ms.kr,499,14.7,미해당,있음,0,1,있음,31.0,11.0
성북구,성북강북교육지원청,중학교,석관중학교,서울특별시 성북구 한천로 526(석관동.석관중학교),37.608121575175,127.06671820308,02  -962 -2276,http://seokgwan.sen.ms.kr,537,11.2,해당,있음,1,1,있음,0.0,1.0
성북구,성북강북교육지원청,중학교,종암중학교,서울특별시 성북구 종암로5길 80-17(종암동.종암중학교),37.5929705982623,127.031747584508,02  -928 -7041,http://jongam.sen.ms.kr,445,10.3,해당,있음,1,2,있음,0.0,1.0
성북구,성북강북교육지원청,중학교,숭곡중학교,서울특별시 성북구 종암로 208. 숭곡중학교 (하월곡동),37.6085534574833,127.03124026118,02  -912 -7572,http://soonggok.sen.ms.kr,609,11.9,해당,있음,0,1,있음,1.0,2.0
성북구,성북강북교육지원청,중학교,고명중학교,서울특별시 성북구 북악산로 870(돈암동.고명중학교),37.597674141541,127.019187491701,02  -926 -2837,http://www.komyung.sen.ms.kr,425,14.7,해당,없음,0,1,있음,1.0,2.0
성북구,성북강북교육지원청,중학교,남대문중학교,서울특별시 성북구 한천로 660-30(장위동. 남대문중학교),37.6185360086599,127.055981121102,02  -942 -3184,http://www.namdaemoon.ms.kr,477,11.4,해당,있음,0,1,있음,2.0,5.0
성북구,성북강북교육지원청,중학교,동구여자중학교,서울특별시 성북구 성북로8길 71(성북동.동구여자중학교),37.5941065881018,127.008215538987,02  -762 -1304,http://www.dong-gu.ms.kr,262,8.7,해당,있음,0,2,있음,1.0,1.0
강북구,성북강북교육지원청,중학교,성암여자중학교,서울특별시 강북구 도봉로29길 52(미아동.성암여자중학교),37.6204135324231,127.023905892641,02  -2179-1713,http://seongam.sen.ms.kr,333,11.5,해당,있음,0,1,있음,5.0,6.0
성북구,성북강북교육지원청,중학교,한성여자중학교,서울특별시 성북구 삼선교로16길 118. 한성여자중학교 (삼선동2가),37.5819996035219,127.011312749775,02  -742 -2542,http://hansunggm.net/,348,11.6,해당,있음,1,1,있음,0.0,0.0
영등포구,남부교육지원청,고등학교,대영고등학교,서울특별시 영등포구 도림로86길 16(신길동. 대영고등학교),37.5036530645899,126.905518076656,02  -840 -8604,http://dy.sen.hs.kr,742,11.6,미해당,있음,2,1,있음,0.0,4.0
성북구,성북강북교육지원청,고등학교,석관고등학교,서울특별시 성북구 한천로70길 30. 석관고등학교 (석관동),37.6095613532,127.066723339865,02  -958 -1165,http://seokgwan.sen.hs.kr,701,9.7,해당,있음,0,1,있음,3.0,1.0
중랑구,동부교육지원청,고등학교,중화고등학교,서울특별시 중랑구 봉화산로27길 62(중화동. 중화고등학교),37.6048146052263,127.083654104942,02  -491 -6807,http://jung-hwa.sen.hs.kr,572,11.0,해당,있음,0,1,있음,3.0,2.0
강남구,강남서초교육지원청,고등학교,경기여자고등학교,서울특별시 강남구 삼성로 29. 경기여자고등학교 (개포동),37.4869545236322,127.06612364407,02  -573 -6797,http://kgg.sen.hs.kr,1135,11.2,미해당,있음,0,2,있음,2.0,1.0
성동구,성동광진교육지원청,고등학교,무학여자고등학교,서울특별시 성동구 고산자로 197무학여자고등학교,37.5576263308862,127.033880902274,02  -2200-1884,http://muhak.sen.hs.kr,475,9.0,미해당,있음,1,1,있음,10.0,5.0
도봉구,북부교육지원청,고등학교,누원고등학교,서울특별시 도봉구 마들로 849. 누원고등학교 (도봉동),37.6855689580624,127.049932683549,02  -3492-7595,http://noowon.sen.hs.kr,372,8.7,미해당,있음,1,1,있음,0.0,0.0
도봉구,북부교육지원청,고등학교,효문고등학교,서울특별시 도봉구 우이천로 432(쌍문동.효문중 고등학교),37.6526987118348,127.0184004627,070 -4022-3605,http://hyomun.sen.hs.kr,424,8.3,해당,있음,1,1,있음,5.0,0.0
성동구,성동광진교육지원청,고등학교,성수고등학교,서울특별시 성동구 서울숲길 18. 성수고등학교 (성수동1가),37.5473418143935,127.038253431317,02  -461 -2276,http://seongsu.sen.hs.kr,473,9.5,미해당,있음,1,1,있음,0.0,0.0
송파구,강동송파교육지원청,고등학교,문현고등학교,서울특별시 송파구 충민로 115(장지동),37.4813135489878,127.128762268141,02  -6951-8704,http://munhyeon.sen.hs.kr,596,10.6,해당,있음,1,1,있음,0.0,0.0
종로구,중부교육지원청,고등학교,경신고등학교,서울특별시 종로구 혜화로 74(혜화동.경신중고등학교),37.5922022663657,126.999531005507,02  -762 -0393,http://kyungshin.sen.hs.kr,449,9.8,미해당,있음,1,1,있음,23.0,2.0
강남구,강남서초교육지원청,고등학교,단국대학교사범대학부속고등학교,서울특별시 강남구 도곡로64길 21. 단대부고  (대치동),37.4956174948977,127.057768228297,02  -2191-2604,http://dan-kook.sen.hs.kr,1144,13.8,미해당,있음,0,1,있음,0.0,0.0
종로구,중부교육지원청,고등학교,동성고등학교,서울특별시 종로구 대학로 156(혜화동.동성중고교),37.5849699592551,127.003097645534,02  -3671-9197,http://www.dongsung.hs.kr,617,10.8,미해당,있음,1,1,있음,6.0,4.0
용산구,중부교육지원청,고등학교,배문고등학교,서울특별시 용산구 효창원로 258(서계동),37.5499187190496,126.963904100329,02  -3480-7100,http://www.baemoon.hs.kr,321,7.3,미해당,있음,1,1,있음,11.0,2.0
양천구,강서양천교육지원청,고등학교,양정고등학교,서울특별시 양천구 안양천로 1039(목동.양정고등학교),37.5353922607054,126.887734285049,02  -2649-7071,http://www.yangchung.hs.kr,1069,14.8,미해당,있음,0,1,있음,0.0,0.0
노원구,북부교육지원청,고등학교,재현고등학교,서울특별시 노원구 덕릉로82길 64. 재현고등학교 (중계동),37.6612906377296,127.080799772038,02  -932 -4811,http://jaehyun.sen.hs.kr,770,11.0,미해당,있음,1,1,있음,9.0,4.0
강서구,강서양천교육지원청,고등학교,한서고등학교,서울특별시 강서구 양천로11길 47(방화동. 한서고등학교),37.5747927037293,126.808143937842,02  -2662-0021,http://hanseo.sen.hs.kr,627,11.0,미해당,있음,0,1,있음,2.0,2.0
강동구,강동송파교육지원청,고등학교,한영고등학교,서울특별시 강동구 동남로 832(상일동. 한영고등학교),37.5490844724681,127.156927612469,02  -6954-1634,http://hanyoung.sen.hs.kr,1228,14.6,미해당,있음,1,2,있음,34.0,10.0
강남구,강남서초교육지원청,고등학교,현대고등학교,서울특별시 강남구 압구정로 127(압구정동),37.5254804993365,127.022377298509,02  -546 -6323,http://hyundai.hs.kr,1105,14.5,미해당,있음,1,1,있음,3.0,0.0
동대문구,동부교육지원청,고등학교,경희여자고등학교,서울특별시 동대문구 경희대로 26. 경희여자고등학교  (회기동.경희대학교),37.5939491407769,127.054890960564,02  -966 -1248,http://kyunghee.sen.hs.kr,384,8.9,미해당,있음,1,2,있음,2.0,5.0
종로구,중부교육지원청,고등학교,덕성여자고등학교,서울특별시 종로구 율곡로3길 50. 덕성여자고등학교 (안국동),37.5777608153459,126.983558137257,02  -734 -6871,http://duksung.sen.hs.kr,532,10.0,미해당,있음,0,1,있음,3.0,2.0
강서구,강서양천교육지원청,고등학교,덕원여자고등학교,서울특별시 강서구 강서로45길 91-44. 덕원여자고등학교 (내발산동),37.5486225773288,126.829024518952,02  -2660-7808,http://www.deokwon.hs.kr,844,10.4,미해당,있음,1,1,있음,6.0,0.0
종로구,중부교육지원청,고등학교,상명대학교사범대학부속여자고등학교,서울특별시 종로구 홍지문2길 20(홍지동.상명대학교),37.604108905882,126.955159496571,02  -396 -6300,http://sangmyung-agh.sen.hs.kr,294,7.4,미해당,있음,1,1,있음,3.0,0.0
서초구,강남서초교육지원청,고등학교,세화여자고등학교,서울특별시 서초구 신반포로 56-7(반포동. 세화여자고등학교),37.5019964569165,126.994230013893,02  -594 -4886,https://sehwags.sen.hs.kr/,1086,14.5,미해당,있음,1,1,있음,4.0,0.0
강남구,강남서초교육지원청,고등학교,진선여자고등학교,서울특별시 강남구 선릉로85길 27(진선여자고등학교.역삼동),37.5023028920315,127.048286565491,02  -2148-0407,https://jinseon.sen.hs.kr,904,12.4,미해당,없음,0,1,있음,1.0,13.0
동대문구,동부교육지원청,고등학교,휘경여자고등학교,서울특별시 동대문구 한천로 247(휘경동.휘경여자고등학교),37.5819005156881,127.067434080061,02  -2245-2307,http://hwikyung.sen.hs.kr,621,10.4,미해당,있음,1,1,있음,6.0,1.0
동대문구,동부교육지원청,고등학교,해성여자고등학교,서울특별시 동대문구 전농로20길 31(전농동.해성여자고등학교),37.5818725994505,127.056976879173,02  -6077-4244,http://haesung-g.sen.hs.kr,681,11.5,해당,있음,1,1,있음,15.0,3.0
은평구,서부교육지원청,고등학교,하나고등학교,서울특별시 은평구 연서로 535(진관동. 하나고등학교),37.6416375903135,126.936930247565,02  -6913-1704,http://www.hana.hs.kr,614,10.8,미해당,있음,1,1,있음,0.0,0.0
송파구,강동송파교육지원청,고등학교,서울체육고등학교,서울특별시 송파구 강동대로 232. 서울체육고등학교 (방이동),37.5223303821085,127.129822552593,02  -2140-9801,http://seoul-ph.sen.hs.kr,329,7.2,미해당,있음,1,1,있음,0.0,0.0
종로구,중부교육지원청,고등학교,서울과학고등학교,서울특별시 종로구 혜화로 63(명륜1가),37.5915480465968,126.998436321282,02  -740 -6299,http://www.sshs.hs.kr,378,4.2,미해당,있음,1,1,있음,7.0,0.0
종로구,중부교육지원청,고등학교,서울예술고등학교,서울특별시 종로구 평창문화로 70(평창동),37.6057079931502,126.967906461707,02  -2287-0505,http://www.yego.or.kr,1038,20.4,미해당,없음,0,1,있음,0.0,262.0
동작구,동작관악교육지원청,고등학교,서울공업고등학교,서울특별시 동작구 대방동1길 46. 서울공업고등학교 (대방동),37.5019012578828,126.922363030415,02  -2025-6700,http://seoul-th.sen.hs.kr,734,6.6,해당,있음,0,2,있음,26.0,10.0
동대문구,동부교육지원청,고등학교,서울반도체고등학교,서울특별시 동대문구 겸재로 21. 서울반도체고등학교 (휘경동),37.5851530128648,127.069450940954,02  -2230-9885,https://ssc.sen.hs.kr/,77,2.5,미해당,있음,1,1,있음,5.0,8.0
구로구,남부교육지원청,고등학교,유한공업고등학교,서울특별시 구로구 경인로 8(항동),37.4879765968891,126.823290699072,02  -2610-0991,http://yuhan.sen.hs.kr,422,6.6,해당,있음,1,1,있음,11.0,0.0
은평구,서부교육지원청,고등학교,은평메디텍고등학교,서울특별시 은평구 진관2로 57-57(진관동.은평메디텍고등학교),37.6353465248875,126.929704776155,070 -4020-6885,https://eunpyeong.sen.hs.kr,353,6.2,해당,있음,1,1,있음,9.0,0.0
중구,중부교육지원청,고등학교,한양공업고등학교,서울특별시 중구 을지로 299(신당동. 한양공업고등학교),37.5658716036039,127.011443307588,02  -2238-5181,http://hanyang.sen.hs.kr,494,6.1,해당,있음,1,1,있음,5.0,1.0
중구,중부교육지원청,고등학교,서울의료보건고등학교,서울특별시 중구 만리재로37길 30. 서울의료보건고등학교 (만리동1가),37.5573014220873,126.966720436586,02  -392 -8888,http://smh.sen.hs.kr,276,7.7,해당,있음,1,1,있음,8.0,13.0
강서구,강서양천교육지원청,고등학교,서울신정고등학교,서울특별시 강서구 등촌로13아길 20(화곡동. 서울신정고등학교),37.5384117486135,126.85717155125,02  -2644-3543,http://shinjeong.sen.hs.kr,329,6.3,해당,있음,1,1,있음,6.0,1.0
송파구,강동송파교육지원청,고등학교,일신여자상업고등학교,서울특별시 송파구 송파대로38길 8(송파동.일신여자상업고등학교),37.5017941334924,127.114241325581,02  -2140-8231,http://ilshin.sen.hs.kr,404,7.8,해당,있음,0,1,있음,12.0,0.0
중랑구,동부교육지원청,고등학교,이화여자대학교병설미디어고등학교,서울특별시 중랑구 망우로73길 56(망우동. 이화여대병설미디어고등학교.영란여중학교),37.6031323992803,127.105332396209,02  -2209-0142,http://www.ewhamedia.hs.kr,468,8.5,해당,있음,0,1,있음,18.0,0.0
종로구,중부교육지원청,중학교,종로산업정보학교,서울특별시 종로구 종로58길 28(숭인동. 종로산업정보학교),37.5725712502565,127.017188742529,02  -2237-0465,http://jongno.sen.hs.kr,0,0.0,미해당,있음,0,1,있음,1.0,4.0
동대문구,동부교육지원청,중학교,청량중학교,서울특별시 동대문구 왕산로 301(청량리동),37.5882192071931,127.050622549806,02  -966 -4284,http://cheongryang.sen.ms.kr,392,10.1,해당,있음,1,1,있음,7.0,1.0
동대문구,동부교육지원청,중학교,휘경중학교,서울특별시 동대문구 망우로18나길 20(휘경동.휘경중학교),37.5870929876308,127.061746113577,02  -2244-1359,http://hwigyong.sen.ms.kr,286,11.0,해당,있음,0,1,있음,6.0,0.0
동대문구,동부교육지원청,중학교,경희여자중학교,서울특별시 동대문구 경희대로 26(회기동),37.5939491407769,127.054890960564,02  -6072-1888,http://kyungheegls.sen.ms.kr,383,12.0,해당,있음,0,1,있음,4.0,7.0
동대문구,동부교육지원청,중학교,휘경여자중학교,서울특별시 동대문구 한천로 247휘경여자중학교 (휘경동),37.5819005156881,127.067434080061,070 -4393-7173,http://hwikyung.sen.ms.kr,477,14.0,해당,있음,1,1,있음,0.0,0.0
서대문구,서부교육지원청,중학교,서연중학교,서울특별시 서대문구 연희로11마길 9-6(연희동),37.5682162296874,126.927137653568,02  -332 -7376,http://seoyun.sen.ms.kr,332,11.4,해당,있음,1,1,있음,1.0,2.0
은평구,서부교육지원청,중학교,연서중학교,서울특별시 은평구 증산서길 125-6(증산동.연서중학교),37.587027156188,126.909283597865,02  -6715-8000,http://yeonseo.sen.ms.kr,138,7.3,해당,있음,0,1,있음,0.0,0.0
서대문구,서부교육지원청,중학교,홍은중학교,서울특별시 서대문구 연희로41길 94(홍은동),37.5918915088396,126.935752441047,02  -3216-0512,http://hongeun.sen.ms.kr,331,11.0,해당,있음,0,2,있음,2.0,4.0
마포구,서부교육지원청,중학교,창천중학교,서울특별시 마포구 백범로1길 56(노고산동),37.5549178201995,126.939295148137,02  -701 -9595,https://changchun.sen.ms.kr,335,10.5,해당,있음,0,1,있음,0.0,3.0
서대문구,서부교육지원청,중학교,명지중학교,서울특별시 서대문구 명지2길 56(홍은동),37.5849113531243,126.927090249447,02  -302 -7072,http://myongji.sen.ms.kr,805,13.6,해당,있음,1,1,있음,6.0,8.0
은평구,서부교육지원청,중학교,숭실중학교,서울특별시 은평구 은평터널로7길 6(신사동),37.5932748232178,126.902403937432,02  -373 -7641,https://soongsil.sen.ms.kr/,409,12.4,해당,있음,0,1,있음,0.0,13.0
서대문구,서부교육지원청,중학교,동명여자중학교,서울특별시 서대문구 독립문로 49(천연동),37.5686154223912,126.962252871841,02  -363 -5043,http://www.dongmyunggirls.ms.kr,239,9.6,해당,있음,0,1,있음,3.0,2.0
구로구,남부교육지원청,중학교,구일중학교,서울특별시 구로구 구일로 90-133(구로동),37.4953009067244,126.873770176593,02  -2107-9103,http://guil.sen.ms.kr,542,12.9,해당,있음,0,1,있음,4.0,8.0
영등포구,남부교육지원청,중학교,당산서중학교,서울특별시 영등포구 당산로41길 12(당산동5가),37.5324839425003,126.898825095957,02  -2676-0962,http://dangsanseo.sen.ms.kr,475,12.2,해당,있음,0,1,있음,0.0,2.0
영등포구,남부교육지원청,중학교,윤중중학교,서울특별시 영등포구 여의동로3길 3. 윤중중학교 (여의도동),37.518930212016,126.924123155746,02  -780 -8842,http://yunjung.sen.ms.kr,496,11.5,해당,있음,2,1,있음,4.0,5.0
노원구,북부교육지원청,중학교,녹천중학교,서울특별시 노원구 월계로 376(월계동. 녹천중학교),37.6310791072444,127.061742156935,02  -978 -4592,http://nokcheon.sen.ms.kr,367,12.2,해당,있음,1,1,있음,0.0,4.0
도봉구,북부교육지원청,중학교,도봉중학교,서울특별시 도봉구 마들로 671(도봉동.도봉중학교),37.6708838426227,127.045871656464,02  -954 -4117,http://dobong.sen.ms.kr,273,9.8,해당,있음,1,1,있음,0.0,3.0
도봉구,북부교육지원청,중학교,신방학중학교,서울특별시 도봉구 시루봉로 156. 신방학중학교 (방학동),37.6641404281763,127.028898968518,02  -956 -8234,http://sbh.sen.ms.kr,456,11.7,해당,있음,1,1,있음,0.0,3.0
노원구,북부교육지원청,중학교,월계중학교,서울특별시 노원구 월계로45가길 54(월계동),37.6311311432951,127.052320262288,02  -993 -3115,http://wolgye.sen.ms.kr,279,10.0,해당,있음,0,1,있음,0.0,1.0
도봉구,북부교육지원청,중학교,선덕중학교,서울특별시 도봉구 시루봉로 53. 선덕중학교 (쌍문동),37.6562750160952,127.026703057445,02  -993 -4112,http://sunduck.sen.ms.kr,694,14.8,해당,있음,1,1,있음,6.0,8.0
노원구,북부교육지원청,중학교,염광중학교,서울특별시 노원구 월계로45가길 9.01874 (월계동),,,02  -906 -8881,http://yumkwang.sen.ms.kr,319,11.8,해당,있음,0,1,있음,7.0,12.0
종로구,중부교육지원청,중학교,경신중학교,서울특별시 종로구 혜화로 74(혜화동.경신중고등학교),37.5922022663657,126.999531005507,02  -762 -0390,https://ksms.sen.ms.kr,211,8.1,해당,있음,1,1,있음,0.0,6.0
송파구,강동송파교육지원청,중학교,방이중학교,서울특별시 송파구 오금로11길 64(방이동.방이중학교),37.5149508047144,127.113373673739,02  -2152-7111,http://bangi.sen.ms.kr,335,10.5,해당,있음,0,1,있음,0.0,3.0
강동구,강동송파교육지원청,중학교,천호중학교,서울특별시 강동구 상암로 153(천호동),37.5465192580007,127.139697961268,02  -470 -7075,http://cheonho.sen.ms.kr,428,10.2,해당,있음,1,1,있음,0.0,2.0
송파구,강동송파교육지원청,중학교,해누리중학교,서울특별시 송파구 송파대로37길 95. 해누리중학교 (가락동),37.4984115921213,127.102124196858,02  -3469-4800,http://haenuri.sen.ms.kr,855,14.3,미해당,있음,2,1,있음,0.0,4.0
송파구,강동송파교육지원청,중학교,서울체육중학교,서울특별시 송파구 강동대로 232. 서울체육중학교 (방이동),37.5223303821085,127.129822552593,02  -2140-9801,http://cheyuk.sen.ms.kr/,172,10.1,해당,있음,0,0,있음,1.0,2.0
강서구,강서양천교육지원청,중학교,공항중학교,서울특별시 강서구 방화대로 241(공항동),37.5621745590982,126.814808958668,02  -2662-0471,http://gonghang.sen.ms.kr,575,11.7,해당,있음,1,1,있음,1.0,4.0
강서구,강서양천교육지원청,중학교,삼정중학교,서울특별시 강서구 금낭화로 210(방화동.삼정중학교),37.5812950426769,126.810295495513,02  -2666-6033,http://samjeong.sen.ms.kr,290,9.4,해당,있음,1,1,있음,2.0,7.0
양천구,강서양천교육지원청,중학교,신원중학교,서울특별시 양천구 가로공원로55길 19(신월동.신원중학교),37.5370924963028,126.82484194889,02  -2699-0183,http://shinwon.sen.ms.kr,232,8.3,해당,있음,1,1,있음,1.0,3.0
양천구,강서양천교육지원청,중학교,양강중학교,서울특별시 양천구 중앙로 319(신월동),37.5249101622153,126.849620267451,02  -2691-0869,http://yangkang.sen.ms.kr,804,11.3,해당,있음,1,1,있음,3.0,4.0
강서구,강서양천교육지원청,중학교,염창중학교,서울특별시 강서구 양천로67가길 83(염창동.염창중학교),37.5542640665682,126.871747328101,02  -3661-9756,http://yumchang.sen.ms.kr,815,13.1,해당,있음,1,1,있음,6.0,6.0
강서구,강서양천교육지원청,중학교,명덕여자중학교,서울특별시 강서구 강서로47길 34-10(내발산동),37.5538694849081,126.8339773378,02  -2664-8813,http://myungduk.sen.ms.kr,536,14.9,해당,있음,1,1,있음,3.0,0.0
서초구,강남서초교육지원청,중학교,경원중학교,서울특별시 서초구 신반포로33길 39(잠원동.경원중학교),37.5115815961934,127.009018254738,02  -593 -6578,http://gyeongwon.sen.ms.kr,1066,14.8,해당,있음,1,1,있음,0.0,8.0
강남구,강남서초교육지원청,중학교,신사중학교,서울특별시 강남구 압구정로 123(압구정동.신사중학교),37.5246515742682,127.020918846207,02  -541 -1062,http://sinsa.sen.ms.kr,339,10.6,해당,있음,0,1,있음,3.0,3.0
강남구,강남서초교육지원청,중학교,역삼중학교,서울특별시 강남구 도곡로43길 10(역삼동.역삼중학교),37.4959294910052,127.04861289161,02  -558 -1501,http://yeoksam.sen.ms.kr,1178,15.9,해당,있음,2,2,있음,1.0,8.0
강남구,강남서초교육지원청,중학교,세곡중학교,서울특별시 강남구 자곡로 81(자곡동. 세곡중학교),37.4719648659665,127.092583750444,02  -2040-2900,http://segok.sen.ms.kr,1082,14.6,해당,있음,0,2,있음,1.0,14.0
서초구,강남서초교육지원청,중학교,서문여자중학교,서울특별시 서초구 동광로12길 84(방배동),37.4889197255873,126.984545759343,02  -3015-3600,http://suhmoon.sen.ms.kr,610,13.6,해당,있음,1,1,있음,0.0,10.0
강남구,강남서초교육지원청,중학교,은성중학교,서울특별시 강남구 남부순환로359길 36(도곡동. 은광여자고등학교. 은성중학교),37.4883484513575,127.035021467585,02  -3462-2005,http://www.eunseong.ms.kr,495,16.5,해당,있음,0,1,있음,0.0,5.0
강남구,강남서초교육지원청,중학교,국립국악중학교,서울특별시 강남구 개포로22길 65. 국립국악중고등학교 (개포동),37.4762397420077,127.051213825746,02  -3460-0500,http://gugak.sen.ms.kr,325,8.6,미해당,있음,1,1,있음,1.0,4.0
동작구,동작관악교육지원청,중학교,사당중학교,서울특별시 동작구 사당로9가길 58. 사당중학교 (사당동),37.4877611854985,126.968540661313,02  -537 -7157,http://sadang.sen.ms.kr,469,12.0,해당,있음,0,2,있음,0.0,3.0
동작구,동작관악교육지원청,중학교,강현중학교,서울특별시 동작구 상도로13라길 22. 강현중학교 (상도동),37.5031159857549,126.930756309893,02  -815 -3939,http://sganghyeon.sen.ms.kr,330,10.0,해당,있음,0,1,있음,2.0,3.0
관악구,동작관악교육지원청,중학교,구암중학교,서울특별시 관악구 성현로 53(봉천동),37.4927662360841,126.949035651603,02  -881 -2900,http://guahm.sen.ms.kr,1063,13.5,해당,있음,1,2,있음,9.0,11.0
관악구,동작관악교육지원청,중학교,광신중학교,서울특별시 관악구 광신길 141. 광신중학교 (신림동),37.4644762024804,126.925940565455,02  -881 -8508,http://kwangshin.sen.ms.kr,252,10.5,해당,있음,1,1,있음,2.0,6.0
동작구,동작관악교육지원청,중학교,동양중학교,서울특별시 동작구 흑석로9길 94. 동양중학교  (흑석동),37.5102231403469,126.957477481379,02  -814 -9652,https://dongyang.sen.ms.kr,355,10.8,해당,있음,0,1,있음,5.0,2.0
광진구,성동광진교육지원청,중학교,광진중학교,서울특별시 광진구 뚝섬로64길 45(자양동.광진중학교),37.5322195901849,127.090162126057,02  -447 -2886,http://gwangjin.sen.ms.kr,244,9.8,해당,있음,0,1,있음,1.0,3.0
광진구,성동광진교육지원청,중학교,자양중학교,서울특별시 광진구 뚝섬로41길 33(자양동.서울자양중학교),37.5357298982053,127.074368913785,02  -446 -0365,http://jayang.sen.ms.kr,668,11.7,해당,있음,2,1,있음,2.0,4.0
성동구,성동광진교육지원청,중학교,성원중학교,서울특별시 성동구 성덕정9가길 13(성수동2가. 성원중학교),37.5394518246786,127.051383529488,02  -3408-2561,http://sungwon.sen.ms.kr,149,6.2,해당,있음,0,1,있음,1.0,3.0
광진구,성동광진교육지원청,중학교,선화예술중학교,서울특별시 광진구 천호대로 664. 선화예술중고등학교 (능동),37.5509798002896,127.087095159462,02  -2204-1100,https://sunhwaarts.sen.ms.kr,801,21.6,미해당,있음,0,1,있음,1.0,4.0
강북구,성북강북교육지원청,중학교,신일중학교,서울특별시 강북구 솔매로49길 20(미아동.신일중고등학교),37.627967222367,127.028403050284,02  -944 -9818,http://shinil.sen.ms.kr,327,13.1,해당,있음,1,1,있음,5.0,17.0
송파구,강동송파교육지원청,고등학교,가락고등학교,서울특별시 송파구 송이로 42(송파동.가락고등학교),37.5010563298142,127.116425801136,02  -416 -4658,http://garak.sen.hs.kr,746,11.8,미해당,있음,1,1,있음,3.0,2.0
강남구,강남서초교육지원청,고등학교,개포고등학교,서울특별시 강남구 개포로 402(개포동),37.4850425995284,127.059305485497,02  -576 -3333,http://gaepo.sen.hs.kr,666,10.7,미해당,있음,1,2,있음,0.0,0.0
성북구,성북강북교육지원청,고등학교,경동고등학교,서울특별시 성북구 보문로29길 49(삼선동3가. 경동고등학교),37.5859418116443,127.01457927632,02  -928 -2353,http://kyungdong.sen.hs.kr,462,9.2,미해당,있음,1,1,있음,1.0,1.0
구로구,남부교육지원청,고등학교,경인고등학교,서울특별시 구로구 경인로46길 31. 경인고등학교 (고척동),37.4959926823743,126.86542887783,02  -2618-3043,http://kyeongin.sen.hs.kr,1125,12.2,해당,있음,2,2,있음,0.0,3.0
구로구,남부교육지원청,고등학교,고척고등학교,서울특별시 구로구 중앙로15길 162(고척동. 고척고등학교),37.5080493827144,126.849869103403,02  -2616-9813,http://gocheok.sen.hs.kr,771,11.2,미해당,있음,1,1,있음,5.0,2.0
강남구,강남서초교육지원청,고등학교,청담고등학교,서울특별시 강남구 압구정로 419. 청담고등학교 (압구정동),37.5279473627751,127.043866627763,02  -3496-8203,http://chungdam.sen.hs.kr,384,5.9,미해당,있음,1,1,있음,0.0,0.0
마포구,서부교육지원청,고등학교,서울여자고등학교,서울특별시 마포구 백범로25길 34. 서울여자고등학교 (염리동),37.5478000312208,126.94902525222,02  -703 -2211,http://seoulgs.sen.hs.kr,801,11.4,미해당,있음,0,1,있음,2.0,0.0
동작구,동작관악교육지원청,고등학교,수도여자고등학교,서울특별시 동작구 여의대방로10길 73. 수도여자고등학교 (신대방동),37.4928014552579,126.914907105304,02  -2102-3506,http://sudogh.sen.hs.kr,779,10.7,미해당,있음,0,1,있음,1.0,1.0
송파구,강동송파교육지원청,고등학교,창덕여자고등학교,서울특별시 송파구 양재대로 1240.창덕여자고등학교 (방이동),37.5162747389886,127.140230435212,02  -401 -4924,http://changduk.sen.hs.kr,479,8.6,미해당,있음,1,1,있음,0.0,0.0
중랑구,동부교육지원청,고등학교,신현고등학교,서울특별시 중랑구 봉화산로 174. 신현고등학교 (상봉동),37.6051463854873,127.092996578059,02  -3422-2715,http://shinhyeon.sen.hs.kr,614,10.8,해당,있음,2,1,있음,2.0,3.0
영등포구,남부교육지원청,고등학교,선유고등학교,서울특별시 영등포구 선유로 227. 선유고등학교 (양평동4가),37.5339016190568,126.894850696134,02  -2069-0036,http://seonyoo.sen.hs.kr,584,10.6,미해당,있음,0,1,있음,4.0,0.0
강서구,강서양천교육지원청,고등학교,세현고등학교,서울특별시 강서구 허준로 227. 세현고등학교 (가양동),37.5604306618095,126.863621128106,02  -3663-1495,http://sehyun.sen.hs.kr,414,8.3,미해당,있음,0,1,있음,1.0,3.0
양천구,강서양천교육지원청,고등학교,신서고등학교,서울특별시 양천구 은행정로 42. 신서고등학교 (신정동),37.5239143189255,126.860209579436,02  -2690-0400,http://sinseo.sen.hs.kr,603,11.2,미해당,있음,1,1,있음,0.0,0.0
마포구,서부교육지원청,고등학교,상암고등학교,서울특별시 마포구 월드컵북로 445(상암동),37.5813414106022,126.883394497343,02  -373 -0041,http://sangam.sen.hs.kr,805,10.9,미해당,있음,2,1,있음,0.0,1.0
구로구,남부교육지원청,고등학교,구현고등학교,서울특별시 구로구 경인로53가길 17(구로동),37.5022832205782,126.874418207198,02  -2628-8916,http://guhyun.sen.hs.kr,761,11.5,미해당,있음,1,1,있음,0.0,0.0
노원구,북부교육지원청,고등학교,서라벌고등학교,서울특별시 노원구 한글비석로5길 18. (중계1동 313. 서라벌고등학교),37.6452565325417,127.075840635297,02  -2092-2200,http://sorabol.sen.hs.kr,966,12.4,미해당,있음,1,1,있음,14.0,0.0
강남구,강남서초교육지원청,고등학교,영동고등학교,서울특별시 강남구 선릉로 742(청담동. 영동고등학교),37.5213890143821,127.043739258782,02  -542 -5071,http://yd.sen.hs.kr,792,11.3,미해당,없음,0,1,있음,8.0,0.0
용산구,중부교육지원청,고등학교,오산고등학교,서울특별시 용산구 보광로7길 17(보광동),37.5235805097988,127.000887240982,02  -799 -9603,http://osan.sen.hs.kr,404,8.8,미해당,있음,1,1,있음,17.0,0.0
노원구,북부교육지원청,고등학교,청원고등학교,서울특별시 노원구 한글비석로 506. 청원고등학교 (상계동),37.6652515464657,127.062532889006,02  -3399-7711,http://cheongwon.sen.hs.kr,1027,11.4,해당,있음,1,2,있음,36.0,5.0
성북구,성북강북교육지원청,고등학교,홍익대학교사범대학부속고등학교,서울특별시 성북구 성북로14가길 23(성북동.홍익대학교부속중고등학교),37.5936666161184,127.002804963597,02  -743 -4582,https://hongik.sen.hs.kr/,244,6.6,미해당,있음,1,1,있음,16.0,1.0
금천구,남부교육지원청,고등학교,동일여자고등학교,서울특별시 금천구 탑골로10길 45(시흥동. 동일여자고등학교),37.4519206711218,126.915824008297,070 -7703-8058,https://dongilg.sen.hs.kr,610,9.7,미해당,있음,0,1,있음,17.0,0.0
강서구,강서양천교육지원청,고등학교,명덕여자고등학교,서울특별시 강서구 강서로47길 34-10(내발산동),37.5538694849081,126.8339773378,02  -2664-8814,http://mdgh.sen.hs.kr,965,11.9,미해당,있음,1,1,있음,17.0,2.0
광진구,성동광진교육지원청,고등학교,동국대학교사범대학부속가람고등학교,서울특별시 광진구 광나루로36길 47(구의동),37.5419210650592,127.086977917618,02  -2049-1514,http://garam.sen.hs.kr,656,10.4,미해당,있음,1,1,있음,5.0,3.0
성북구,성북강북교육지원청,고등학교,성신여자고등학교,서울특별시 성북구 동소문로26가길 80(돈암동),37.5942896306119,127.022407171613,02  -6930-9113,https://sungshin.sen.hs.kr,506,9.4,미해당,있음,1,1,있음,4.0,2.0
강남구,강남서초교육지원청,고등학교,숙명여자고등학교,서울특별시 강남구 남부순환로 2807. 숙명여자고등학교 (도곡동),37.4914753613052,127.052612582715,02  -3462-5011,http://www.sookmyung.hs.kr,1242,13.8,미해당,있음,0,2,있음,4.0,1.0
양천구,강서양천교육지원청,고등학교,목동고등학교,서울특별시 양천구 목동동로2길 68. 목동고등학교 (신정동),37.5092159752312,126.86019842592,02  -2652-1701,https://mokdong.sen.hs.kr/,992,11.5,미해당,있음,1,1,있음,0.0,0.0
중구,중부교육지원청,고등학교,이화여자고등학교,서울특별시 중구 정동길. 26 (정동),37.5661766361549,126.971324436617,02  -752 -3353,http://www.ewha.hs.kr,1198,14.3,미해당,있음,1,1,있음,13.0,9.0
서대문구,서부교육지원청,고등학교,중앙여자고등학교,서울특별시 서대문구 북아현로11가길 7(북아현동),37.5631767195176,126.954059321222,070 -5175-4612,http://jungang-girls.sen.hs.kr,516,11.7,미해당,있음,1,1,있음,13.0,0.0
양천구,강서양천교육지원청,고등학교,진명여자고등학교,서울특별시 양천구 목동로 170진명여자고등학교 (목동),37.5240834137562,126.865465205432,02  -2643-1711,https://jm.sen.hs.kr,1301,13.4,미해당,있음,1,2,있음,5.0,1.0
강남구,강남서초교육지원청,고등학교,풍문고등학교,서울특별시 강남구 자곡로 152(자곡동),37.4713361652893,127.09996343408,02  -3451-8901,http://poongmoon.hs.kr,938,12.5,미해당,있음,1,1,있음,4.0,4.0
구로구,남부교육지원청,고등학교,세종과학고등학교,서울특별시 구로구 오리로21길 79(궁동),37.4975693967975,126.827351739435,02  -2060-4133,http://sjsh.sen.hs.kr,431,5.4,미해당,있음,1,1,있음,17.0,0.0
구로구,남부교육지원청,고등학교,서울공연예술고등학교,서울특별시 구로구 오리로22나길 16-26. 서울공연예술고등학교 (궁동),37.4999306587647,126.832608691425,02  -3281-9766,http://sopa.hs.kr,727,16.5,미해당,없음,0,1,있음,0.0,550.0
도봉구,북부교육지원청,고등학교,서울외국어고등학교,서울특별시 도봉구 덕릉로66길 22(창동),37.6457807932104,127.0515086969,070 -1670-1005,http://sfl.sen.hs.kr,653,11.5,미해당,있음,1,1,있음,14.0,0.0
강남구,강남서초교육지원청,고등학교,단국대학교부속소프트웨어고등학교,서울특별시 강남구 도곡로64길 21(대치동 1013),37.4956174948977,127.057768228297,02  -2116-0105,http://dankook.sen.hs.kr,292,7.3,미해당,없음,0,1,있음,18.0,0.0
구로구,남부교육지원청,고등학교,덕일전자공업고등학교,서울특별시 구로구 서해안로21길 5-12(오류동),37.4905365201163,126.837134461147,02  -2613-2762,https://di.sen.hs.kr,128,4.6,미해당,없음,0,1,있음,4.0,7.0
관악구,동작관악교육지원청,고등학교,미림마이스터고등학교,서울특별시 관악구 호암로 546미림마이스터고등학교,37.4661018035835,126.931927855676,02  -872 -4071,https://www.e-mirim.hs.kr,282,6.3,미해당,없음,0,1,있음,33.0,0.0
종로구,중부교육지원청,고등학교,경기상업고등학교,서울특별시 종로구 자하문로 136(청운동),37.5892585316989,126.970057092906,02  -737 -6490,http://ggc.sen.hs.kr,415,6.8,미해당,있음,1,1,있음,8.0,0.0
용산구,중부교육지원청,고등학교,선린인터넷고등학교,서울특별시 용산구 원효로97길 33-4(청파동3가),37.5427676844581,126.966079429641,02  -713 -6211,http://sunrint.sen.hs.kr,590,8.0,해당,있음,0,1,있음,5.0,2.0
강동구,강동송파교육지원청,고등학교,서울컨벤션고등학교,서울특별시 강동구 동남로 964. 서울컨벤션고등학교 (고덕동),37.5592845614915,127.158215928554,02  -3427-7400,http://seoul-chs.sen.hs.kr,536,8.0,해당,있음,0,1,있음,8.0,4.0
강서구,강서양천교육지원청,고등학교,경복비즈니스고등학교,서울특별시 강서구 화곡로 379(등촌동131),37.5580972589988,126.852670273321,070 -7790-0996,http://www.kbb.hs.kr,324,6.6,해당,있음,1,1,있음,11.0,1.0
구로구,남부교육지원청,고등학교,서서울생활과학고등학교,서울특별시 구로구 오리로 1355-10. 서서울생활과학고등학교 (궁동),37.5038291911751,126.828259957002,02  -2613-5272,http://ssls.hs.kr,444,7.0,해당,있음,0,1,있음,16.0,2.0
서초구,강남서초교육지원청,중학교,서초문화예술정보학교,서울특별시 서초구 남부순환로347길 69(서초동),37.4880664721147,127.029976532348,02  -3488-5200,http://seocho.sen.sc.kr,0,0.0,미해당,있음,1,1,있음,1.0,4.0
구로구,남부교육지원청,중학교,지구촌학교,서울특별시 구로구 오리로 1189(오류동),37.4888597347494,126.835176855592,02  -6910-1072,https://globalsarang.sen.sc.kr,273,8.3,미해당,있음,0,1,있음,1.0,4.0
중랑구,동부교육지원청,중학교,중화중학교,서울특별시 중랑구 용마산로 364(면목동.중화중학교),37.584503792183,127.094560803284,02  -439 -5811,http://junghwa.sen.ms.kr,453,10.8,해당,있음,2,1,있음,5.0,13.0
동대문구,동부교육지원청,중학교,동대문중학교,서울특별시 동대문구 사가정로 59. 동대문중학교 (전농동),37.5745220668493,127.051994343436,02  -3407-4231,http://dongdaemun.sen.ms.kr,602,12.0,해당,있음,1,1,있음,1.0,2.0
동대문구,동부교육지원청,중학교,경희중학교,서울특별시 동대문구 경희대로 26. 경희중학교 (회기동),37.5939491407769,127.054890960564,02  -966 -6402,http://kyunghee.sen.ms.kr,481,12.0,해당,있음,0,1,있음,2.0,3.0
마포구,서부교육지원청,중학교,성사중학교,서울특별시 마포구 모래내로9길 16.성사중학교(성산동),37.5680910963856,126.912682985472,02  -373 -8002,http://sungsa.sen.ms.kr,292,10.1,해당,있음,0,1,있음,2.0,7.0
마포구,서부교육지원청,중학교,성서중학교,서울특별시 마포구 성산로4길 42(성산동),37.5627873046831,126.907952181324,02  -3140-7100,http://sungseo.sen.ms.kr,385,10.1,해당,있음,2,1,있음,1.0,2.0
은평구,서부교육지원청,중학교,연천중학교,서울특별시 은평구 연서로41길 30(불광동),37.6275452130621,126.925819848355,02  -354 -0514,http://yonchon.sen.ms.kr,296,9.5,해당,있음,1,1,있음,0.0,6.0
서대문구,서부교육지원청,중학교,정원여자중학교,서울특별시 서대문구 연희로37안길 51. 정원여자중학교 (홍은동),37.585375236102,126.933430493203,02  -394 -6301,http://www.jungwon.ms.kr,313,8.9,해당,있음,1,1,있음,0.0,5.0
금천구,남부교육지원청,중학교,가산중학교,서울특별시 금천구 시흥대로115길 48(독산동),37.468777055274,126.894474890365,02  -804 -1777,https://gasan.sen.ms.kr,472,12.4,해당,있음,0,1,있음,0.0,4.0
구로구,남부교육지원청,중학교,개봉중학교,서울특별시 구로구 고척로21나길 68(개봉동),37.5035293156194,126.842399758595,02  -3660-2400,http://gaebong.sen.ms.kr,398,11.1,해당,있음,0,1,있음,1.0,7.0
영등포구,남부교육지원청,중학교,영원중학교,서울특별시 영등포구 영등포로62길 31(영등포동.영원중학교),37.5149741902707,126.913646864883,02  -843 -2028,http://youngwon.sen.ms.kr,491,12.0,해당,있음,1,2,있음,4.0,8.0
노원구,북부교육지원청,중학교,불암중학교,서울특별시 노원구 한글비석로5길 45. 불암중학교 (하계동),37.6454697408382,127.073217164139,02  -975 -4047,https://bulam.sen.ms.kr,975,14.8,해당,있음,0,1,있음,0.0,1.0
노원구,북부교육지원청,중학교,상계중학교,서울특별시 노원구 노원로 398(상계동. 상계중학교),37.6526541000987,127.068552458297,02  -936 -6450,http://sanggye.sen.ms.kr,414,10.6,해당,있음,0,1,있음,0.0,1.0
종로구,중부교육지원청,중학교,청운중학교,서울특별시 종로구 창의문로 51(청운동),37.5891709420972,126.971088602259,02  -737 -0582,https://cheongun.sen.ms.kr,344,10.4,미해당,있음,1,1,있음,1.0,6.0
종로구,중부교육지원청,중학교,중앙중학교,서울특별시 종로구 창덕궁길 164 중앙중학교(계동),37.5837882231459,126.987472622092,02  -742 -1325,https://choongang.sen.ms.kr,282,10.8,해당,있음,1,1,있음,3.0,5.0
중구,중부교육지원청,중학교,한양중학교,서울특별시 중구 을지로 299(신당동),37.5658716036039,127.011443307588,070 -4831-3987,http://hanyang.sen.ms.kr,161,6.7,해당,있음,0,1,있음,3.0,6.0
중구,중부교육지원청,중학교,환일중학교,서울특별시 중구 환일길 47(만리동2가),37.5537559309443,126.962588449936,02  -390 -7205,http://www.hwanil.ms.kr,163,6.5,해당,있음,0,2,있음,11.0,8.0
송파구,강동송파교육지원청,중학교,가락중학교,서울특별시 송파구 송이로 45(송파동.가락중학교),37.5023397085349,127.11897125744,02  -2143-3100,http://karak.sen.ms.kr,460,12.4,해당,있음,1,1,있음,0.0,7.0
강동구,강동송파교육지원청,중학교,강일중학교,서울특별시 강동구 고덕로27길 12(암사동414-17),37.5553453453104,127.138008577115,02  -441 -4651,http://kangil.sen.ms.kr,724,13.7,해당,있음,1,2,있음,1.0,5.0
강동구,강동송파교육지원청,중학교,고덕중학교,서울특별시 강동구 동남로82길 94(고덕동),37.5603584289834,127.161761886139,02  -2045-6000,http://godeok.sen.ms.kr,1486,16.0,해당,있음,1,2,있음,1.0,3.0
송파구,강동송파교육지원청,중학교,오주중학교,서울특별시 송파구 동남로 281(오금동. 오주중학교),37.5014842537875,127.136506477956,02  -3434-7500,http://oju.sen.ms.kr,453,11.3,해당,있음,1,1,있음,0.0,0.0
강서구,강서양천교육지원청,중학교,경서중학교,서울특별시 강서구 양천로59길 31(가양동),37.5612418553699,126.857763950485,02  -2668-0304,http://gyeongseo.sen.ms.kr,58,3.2,해당,있음,1,2,있음,2.0,5.0
강서구,강서양천교육지원청,중학교,백석중학교,서울특별시 강서구 등촌로51나길 35(등촌동.백석중학교),37.5482909098797,126.858953909893,02  -2644-2886,http://baekseok.sen.ms.kr,546,11.1,해당,있음,0,1,있음,1.0,4.0
강서구,강서양천교육지원청,중학교,성재중학교,서울특별시 강서구 허준로 36(가양동.성재중학교),37.569502050399,126.845404381505,02  -2658-9853,http://sungjae.sen.ms.kr,371,10.0,해당,있음,0,1,있음,1.0,3.0
양천구,강서양천교육지원청,중학교,신목중학교,서울특별시 양천구 목동중앙로 88(목동),37.5370239898936,126.873072488599,02  -2648-2142,http://shinmok.sen.ms.kr,1352,14.4,해당,있음,1,2,있음,2.0,8.0
양천구,강서양천교육지원청,중학교,금옥중학교,서울특별시 양천구 신정로 213. 금옥중학교 (신정동),37.5109653172242,126.843971681779,02  -2696-1202,http://geumok.sen.ms.kr,845,13.4,해당,있음,0,1,있음,0.0,9.0
양천구,강서양천교육지원청,중학교,목운중학교,서울특별시 양천구 목동동로 235(목동.목운초.중학교),37.527009517428,126.873044206364,02  -2651-4060,http://mogun.sen.ms.kr,1396,14.5,미해당,있음,1,2,있음,0.0,10.0
강서구,강서양천교육지원청,중학교,마곡중학교,서울특별시 강서구 마곡중앙5로 58(마곡동) 마곡중학교,37.5680344018763,126.821325984502,02  -2666-8502,http://magok.sen.ms.kr,630,10.7,해당,있음,2,1,있음,0.0,4.0
강서구,강서양천교육지원청,중학교,화곡중학교,서울특별시 강서구 강서로45길 70(내발산동.화곡중학교),37.5484125649861,126.832679697779,070 -8644-6444,http://www.hwagok.sen.ms.kr,544,16.5,해당,있음,0,1,있음,1.0,1.0
서초구,강남서초교육지원청,중학교,서초중학교,서울특별시 서초구 반포대로13길 48(서초동.서초중학교),37.4854679830791,127.009230848074,02  -6401-4824,http://seocho.sen.ms.kr,617,10.6,해당,있음,1,1,있음,2.0,3.0
서초구,강남서초교육지원청,중학교,신동중학교,서울특별시 서초구 나루터로 27. 신동중학교 (잠원동.신동중학교),37.5169158985011,127.012915373961,02  -594 -6456,http://shindong.sen.ms.kr,864,15.4,해당,있음,1,1,있음,1.0,6.0
서초구,강남서초교육지원청,중학교,영동중학교,서울특별시 서초구 성촌길 14(우면동.영동중학교),37.465986287158,127.025140749981,02  -3474-7386,http://youngdong.sen.ms.kr,1036,13.0,해당,있음,1,2,있음,2.0,5.0
동작구,동작관악교육지원청,중학교,남성중학교,서울특별시 동작구 남부순환로269길 166(사당동.남성중학교),37.4790082237647,126.97241407945,02  -520 -7517,http://namsung.sen.ms.kr,288,8.5,해당,있음,2,2,있음,0.0,3.0
관악구,동작관악교육지원청,중학교,신관중학교,서울특별시 관악구 신림로48길 17-16. (신림동 신관중학교),37.4802012453571,126.934452241482,02  -885 -6893,http://shingwan.sen.ms.kr,230,7.4,해당,있음,0,1,있음,1.0,3.0
관악구,동작관악교육지원청,중학교,삼성중학교,서울특별시 관악구 신림로3가길 39-24(신림동.삼성중학교),37.4676058987272,126.942513213832,02  -871 -6243,http://samsung.sen.ms.kr,225,8.7,해당,있음,1,1,있음,2.0,3.0
관악구,동작관악교육지원청,중학교,성보중학교,서울특별시 관악구 남부순환로156길 39. 성보중학교 (신림동.성보중학교),37.4807283676946,126.920957326353,02  -818 -9706,http://sungbo.sen.ms.kr,354,10.4,해당,있음,1,1,있음,2.0,5.0
성동구,성동광진교육지원청,중학교,행당중학교,서울특별시 성동구 왕십리로 189(행당동),37.5545540364985,127.041963387397,02  -2292-2721,http://haengdang.sen.ms.kr,213,7.9,해당,있음,2,1,있음,0.0,4.0
성동구,성동광진교육지원청,중학교,마장중학교,서울특별시 성동구 마장로35나길 31. 마장중학교 (마장동),37.5683388716972,127.041605053834,02  -2282-2933,http://mj.sen.ms.kr,319,10.3,해당,있음,0,1,있음,0.0,2.0
강북구,성북강북교육지원청,중학교,번동중학교,서울특별시 강북구 오현로35길 87(번동.번동중학교),37.6324556910711,127.036206363566,02  -945 -0168,http://beondong.sen.ms.kr,447,11.5,해당,있음,0,1,있음,2.0,6.0
강북구,성북강북교육지원청,중학교,수송중학교,서울특별시 강북구 한천로122길 21(번동.수송중학교),37.6367599332935,127.03358552315,02  -900 -5791,http://soosong.sen.ms.kr,320,10.3,해당,있음,1,2,있음,1.0,8.0
성북구,성북강북교육지원청,중학교,고려대학교사범대학부속중학교,서울특별시 성북구 정릉로 161(정릉동.고려대학교사범대학부속중학교),37.6080476933587,127.002616144531,02  -6085-6107,https://koryo.sen.ms.kr,675,11.8,해당,있음,1,1,있음,0.0,2.0
